X,Y,Z,Reflectivity
15.234,1.133,-0.421,0.0
14.149,1.048,-0.469,0.0
13.07,0.965,-0.506,0.0
12.388,0.912,-0.549,0.0
11.642,0.854,-0.581,0.0
10.962,0.801,-0.608,0.0
15.276,1.109,-0.42,0.0
14.061,1.017,-0.464,0.0
13.191,0.951,-0.508,0.0
12.351,0.887,-0.546,0.0
11.621,0.832,-0.578,0.0
10.992,0.784,-0.607,0.0
15.314,1.084,-0.418,0.0
14.12,0.996,-0.463,0.0
13.19,0.927,-0.506,0.0
12.367,0.866,-0.544,0.0
11.631,0.812,-0.576,0.0
10.975,0.763,-0.604,0.0
15.285,1.054,-0.414,0.0
14.212,0.977,-0.463,0.0
13.178,0.902,-0.502,0.0
12.436,0.848,-0.544,0.0
11.645,0.791,-0.573,0.0
10.975,0.743,-0.601,0.0
15.447,1.038,-0.414,0.0
14.24,0.953,-0.46,0.0
13.305,0.887,-0.503,0.0
12.438,0.826,-0.54,0.0
11.761,0.778,-0.575,0.0
10.987,0.724,-0.598,0.0
15.577,1.018,-0.413,0.0
14.322,0.932,-0.458,0.0
13.341,0.865,-0.5,0.0
12.48,0.806,-0.538,0.0
11.73,0.754,-0.57,0.0
11.079,0.71,-0.599,0.0
15.653,0.995,-0.409,0.0
14.376,0.91,-0.455,0.0
13.336,0.84,-0.495,0.0
12.503,0.784,-0.534,0.0
11.778,0.736,-0.568,0.0
11.079,0.689,-0.595,0.0
15.753,0.972,-0.406,0.0
14.391,0.884,-0.45,0.0
13.455,0.823,-0.494,0.0
12.574,0.766,-0.532,0.0
11.846,0.719,-0.566,0.0
11.153,0.674,-0.594,0.0
15.791,0.946,-0.4,0.0
14.565,0.869,-0.449,0.0
13.509,0.802,-0.49,0.0
12.551,0.742,-0.526,0.0
11.9,0.7,-0.563,0.0
11.262,0.66,-0.595,0.0
15.839,0.92,-0.394,0.0
14.652,0.847,-0.445,0.0
13.534,0.778,-0.485,0.0
12.677,0.726,-0.524,0.0
11.958,0.681,-0.56,0.0
11.264,0.639,-0.589,0.0
15.945,0.896,-0.389,0.0
14.768,0.826,-0.441,0.0
13.709,0.763,-0.484,0.0
12.694,0.703,-0.519,0.0
12.051,0.665,-0.558,0.0
11.356,0.623,-0.588,0.0
16.066,0.874,-0.383,0.0
14.835,0.803,-0.434,0.0
13.773,0.742,-0.478,0.0
12.859,0.689,-0.518,0.0
12.151,0.648,-0.556,0.0
11.36,0.602,-0.582,0.0
16.274,0.856,-0.378,0.0
15.065,0.788,-0.432,0.0
13.863,0.721,-0.473,0.0
12.933,0.669,-0.513,0.0
12.208,0.628,-0.551,0.0
11.46,0.587,-0.58,0.0
16.375,0.831,-0.371,0.0
15.173,0.766,-0.426,0.0
13.943,0.7,-0.467,0.0
12.978,0.647,-0.506,0.0
12.318,0.611,-0.548,0.0
11.572,0.571,-0.578,0.0
16.587,0.811,-0.364,0.0
15.349,0.746,-0.42,0.0
14.04,0.678,-0.46,0.0
13.147,0.631,-0.504,0.0
12.38,0.591,-0.542,0.0
11.632,0.552,-0.572,0.0
16.683,0.785,-0.354,0.0
15.535,0.726,-0.414,0.0
14.256,0.663,-0.457,0.0
13.242,0.612,-0.498,0.0
12.488,0.573,-0.537,0.0
11.716,0.535,-0.568,0.0
27.927,-2.96,0.101,2.0
26.348,-2.799,-0.046,1.0
22.424,-2.388,-0.16,1.0
19.867,-2.12,-0.251,0.0
17.707,-1.895,-0.32,0.0
16.18,-1.735,-0.379,0.0
27.514,-2.951,0.122,4.0
26.7,-2.87,-0.024,5.0
23.542,-2.536,-0.149,2.0
20.369,-2.199,-0.24,0.0
17.973,-1.945,-0.309,0.0
16.371,-1.776,-0.37,0.0
27.346,-2.966,0.145,3.0
23.647,-2.57,-0.001,56.0
23.565,-2.567,-0.128,25.0
23.62,-2.579,-0.258,1.0
23.668,-2.589,-0.386,0.0
16.655,-1.826,-0.362,0.0
27.345,-2.998,0.169,5.0
23.589,-2.591,0.019,162.0
23.596,-2.598,-0.107,58.0
0.0,0.0,0.0,0.0
23.626,-2.612,-0.364,2.0
16.922,-1.875,-0.352,0.0
27.706,-3.069,0.196,5.0
23.593,-2.619,0.04,187.0
23.605,-2.625,-0.086,98.0
22.311,-2.486,-0.204,3.0
23.641,-2.64,-0.343,0.0
17.124,-1.916,-0.341,0.0
27.873,-3.118,0.223,1.0
23.627,-2.648,0.062,155.0
23.608,-2.651,-0.064,45.0
22.363,-2.516,-0.183,4.0
19.608,-2.21,-0.266,0.0
17.453,-1.971,-0.331,0.0
28.466,-3.215,0.255,1.0
26.537,-3.003,0.095,2.0
23.63,-2.678,-0.041,8.0
22.493,-2.554,-0.163,2.0
20.079,-2.285,-0.253,0.0
17.778,-2.026,-0.32,0.0
22.172,-2.527,0.22,1.0
26.501,-3.026,0.121,10.0
26.362,-3.015,-0.02,1.0
22.565,-2.585,-0.141,4.0
20.692,-2.375,-0.24,0.0
18.118,-2.083,-0.308,0.0
22.161,-2.548,0.242,17.0
26.715,-3.076,0.148,6.0
26.313,-3.035,0.005,2.0
22.554,-2.606,-0.118,9.0
22.067,-2.554,-0.234,0.0
18.79,-2.178,-0.3,0.0
22.142,-2.566,0.264,18.0
22.166,-2.573,0.145,14.0
26.249,-3.052,0.031,4.0
22.551,-2.626,-0.096,9.0
22.34,-2.605,-0.215,3.0
19.018,-2.222,-0.285,0.0
22.119,-2.584,0.286,19.0
22.142,-2.59,0.168,17.0
22.21,-2.602,0.05,11.0
22.467,-2.636,-0.072,9.0
22.393,-2.631,-0.192,6.0
19.567,-2.303,-0.272,0.0
22.115,-2.602,0.31,20.0
22.126,-2.607,0.191,18.0
22.171,-2.616,0.073,16.0
22.384,-2.645,-0.048,10.0
22.36,-2.646,-0.168,8.0
19.949,-2.364,-0.257,0.0
22.12,-2.621,0.333,21.0
22.116,-2.624,0.215,18.0
22.155,-2.632,0.096,18.0
22.21,-2.642,-0.024,15.0
22.376,-2.665,-0.144,13.0
22.405,-2.673,-0.264,0.0
22.124,-2.639,0.357,21.0
22.119,-2.641,0.238,14.0
22.138,-2.647,0.12,18.0
22.174,-2.654,0.0,18.0
22.364,-2.68,-0.12,13.0
22.179,-2.662,-0.237,0.0
22.125,-2.655,0.381,20.0
22.172,-2.664,0.263,12.0
22.133,-2.662,0.144,14.0
22.162,-2.668,0.023,19.0
22.215,-2.678,-0.095,16.0
22.166,-2.675,-0.213,2.0
22.132,-2.671,0.405,18.0
22.169,-2.678,0.287,11.0
22.256,-2.691,0.169,7.0
22.16,-2.683,0.048,17.0
22.2,-2.69,-0.07,19.0
22.17,-2.69,-0.189,4.0
7.466,-0.023,-0.739,0.0
7.168,-0.023,-0.751,0.0
0.0,0.0,0.0,0.0
0.0,0.0,0.0,0.0
0.0,0.0,0.0,0.0
0.0,0.0,0.0,0.0
7.382,-0.03,-0.738,0.0
7.116,-0.03,-0.752,0.0
0.0,0.0,0.0,0.0
0.0,0.0,0.0,0.0
0.0,0.0,0.0,0.0
0.0,0.0,0.0,0.0
7.335,-0.037,-0.74,0.0
7.079,-0.037,-0.754,0.0
0.0,0.0,0.0,0.0
0.0,0.0,0.0,0.0
0.0,0.0,0.0,0.0
0.0,0.0,0.0,0.0
7.268,-0.045,-0.739,0.0
0.0,0.0,0.0,0.0
0.0,0.0,0.0,0.0
0.0,0.0,0.0,0.0
0.0,0.0,0.0,0.0
0.0,0.0,0.0,0.0
7.267,-0.053,-0.745,0.0
7.018,-0.052,-0.76,0.0
0.0,0.0,0.0,0.0
0.0,0.0,0.0,0.0
0.0,0.0,0.0,0.0
0.0,0.0,0.0,0.0
7.197,-0.06,-0.743,0.0
0.0,0.0,0.0,0.0
0.0,0.0,0.0,0.0
0.0,0.0,0.0,0.0
0.0,0.0,0.0,0.0
0.0,0.0,0.0,0.0
7.167,-0.068,-0.745,0.0
0.0,0.0,0.0,0.0
0.0,0.0,0.0,0.0
0.0,0.0,0.0,0.0
0.0,0.0,0.0,0.0
0.0,0.0,0.0,0.0
7.111,-0.075,-0.744,0.0
0.0,0.0,0.0,0.0
0.0,0.0,0.0,0.0
0.0,0.0,0.0,0.0
0.0,0.0,0.0,0.0
0.0,0.0,0.0,0.0
7.078,-0.083,-0.746,0.0
0.0,0.0,0.0,0.0
0.0,0.0,0.0,0.0
0.0,0.0,0.0,0.0
0.0,0.0,0.0,0.0
0.0,0.0,0.0,0.0
7.016,-0.09,-0.743,0.0
0.0,0.0,0.0,0.0
0.0,0.0,0.0,0.0
0.0,0.0,0.0,0.0
0.0,0.0,0.0,0.0
0.0,0.0,0.0,0.0
7.026,-0.098,-0.748,0.0
0.0,0.0,0.0,0.0
0.0,0.0,0.0,0.0
0.0,0.0,0.0,0.0
0.0,0.0,0.0,0.0
0.0,0.0,0.0,0.0
6.977,-0.105,-0.746,0.0
0.0,0.0,0.0,0.0
0.0,0.0,0.0,0.0
0.0,0.0,0.0,0.0
0.0,0.0,0.0,0.0
0.0,0.0,0.0,0.0
7.028,-0.114,-0.755,0.0
0.0,0.0,0.0,0.0
0.0,0.0,0.0,0.0
0.0,0.0,0.0,0.0
0.0,0.0,0.0,0.0
0.0,0.0,0.0,0.0
6.94,-0.121,-0.749,0.0
0.0,0.0,0.0,0.0
0.0,0.0,0.0,0.0
0.0,0.0,0.0,0.0
0.0,0.0,0.0,0.0
0.0,0.0,0.0,0.0
0.0,0.0,0.0,0.0
0.0,0.0,0.0,0.0
0.0,0.0,0.0,0.0
0.0,0.0,0.0,0.0
0.0,0.0,0.0,0.0
0.0,0.0,0.0,0.0
6.956,-0.137,-0.755,0.0
0.0,0.0,0.0,0.0
0.0,0.0,0.0,0.0
0.0,0.0,0.0,0.0
0.0,0.0,0.0,0.0
0.0,0.0,0.0,0.0
7.022,-0.273,-0.752,0.0
6.771,-0.265,-0.763,0.0
0.0,0.0,0.0,0.0
0.0,0.0,0.0,0.0
0.0,0.0,0.0,0.0
0.0,0.0,0.0,0.0
7.019,-0.28,-0.748,0.0
6.782,-0.272,-0.761,0.0
0.0,0.0,0.0,0.0
0.0,0.0,0.0,0.0
0.0,0.0,0.0,0.0
0.0,0.0,0.0,0.0
7.024,-0.287,-0.745,0.0
6.802,-0.28,-0.759,0.0
0.0,0.0,0.0,0.0
0.0,0.0,0.0,0.0
0.0,0.0,0.0,0.0
0.0,0.0,0.0,0.0
7.058,-0.296,-0.745,0.0
6.824,-0.287,-0.758,0.0
6.569,-0.278,-0.766,0.0
0.0,0.0,0.0,0.0
0.0,0.0,0.0,0.0
0.0,0.0,0.0,0.0
7.093,-0.304,-0.744,0.0
6.844,-0.295,-0.756,0.0
6.6,-0.286,-0.765,0.0
0.0,0.0,0.0,0.0
0.0,0.0,0.0,0.0
0.0,0.0,0.0,0.0
7.134,-0.313,-0.744,0.0
6.934,-0.305,-0.761,0.0
0.0,0.0,0.0,0.0
0.0,0.0,0.0,0.0
0.0,0.0,0.0,0.0
0.0,0.0,0.0,0.0
7.178,-0.321,-0.743,0.0
0.0,0.0,0.0,0.0
6.653,-0.3,-0.762,0.0
0.0,0.0,0.0,0.0
0.0,0.0,0.0,0.0
0.0,0.0,0.0,0.0
7.208,-0.329,-0.741,0.0
6.922,-0.317,-0.749,0.0
0.0,0.0,0.0,0.0
0.0,0.0,0.0,0.0
0.0,0.0,0.0,0.0
0.0,0.0,0.0,0.0
7.235,-0.337,-0.738,0.0
6.988,-0.327,-0.751,0.0
6.733,-0.316,-0.761,0.0
0.0,0.0,0.0,0.0
0.0,0.0,0.0,0.0
0.0,0.0,0.0,0.0
7.258,-0.344,-0.735,0.0
7.032,-0.335,-0.75,0.0
6.765,-0.323,-0.759,0.0
0.0,0.0,0.0,0.0
0.0,0.0,0.0,0.0
0.0,0.0,0.0,0.0
7.334,-0.354,-0.736,0.0
7.067,-0.342,-0.748,0.0
6.778,-0.329,-0.754,0.0
0.0,0.0,0.0,0.0
0.0,0.0,0.0,0.0
0.0,0.0,0.0,0.0
0.0,0.0,0.0,0.0
7.092,-0.349,-0.744,0.0
6.88,-0.34,-0.759,0.0
0.0,0.0,0.0,0.0
0.0,0.0,0.0,0.0
0.0,0.0,0.0,0.0
7.448,-0.371,-0.734,0.0
7.172,-0.359,-0.745,0.0
6.872,-0.345,-0.752,0.0
0.0,0.0,0.0,0.0
0.0,0.0,0.0,0.0
0.0,0.0,0.0,0.0
7.518,-0.38,-0.733,0.0
7.225,-0.367,-0.744,0.0
6.956,-0.354,-0.754,0.0
0.0,0.0,0.0,0.0
0.0,0.0,0.0,0.0
0.0,0.0,0.0,0.0
7.501,-0.385,-0.724,0.0
7.21,-0.371,-0.735,0.0
7.017,-0.362,-0.753,0.0
6.781,-0.351,-0.766,0.0
0.0,0.0,0.0,0.0
0.0,0.0,0.0,0.0
7.591,-0.395,-0.725,0.0
7.301,-0.381,-0.737,0.0
7.035,-0.368,-0.748,0.0
6.821,-0.358,-0.763,0.0
6.603,-0.348,-0.774,0.0
0.0,0.0,0.0,0.0
0.0,0.0,0.0,0.0
7.394,-0.391,-0.738,0.0
7.08,-0.375,-0.745,0.0
6.817,-0.363,-0.755,0.0
6.596,-0.352,-0.766,0.0
6.368,-0.341,-0.774,0.0
0.0,0.0,0.0,0.0
0.0,0.0,0.0,0.0
7.18,-0.385,-0.747,0.0
6.91,-0.372,-0.757,0.0
6.669,-0.36,-0.767,0.0
0.0,0.0,0.0,0.0
0.0,0.0,0.0,0.0
0.0,0.0,0.0,0.0
7.227,-0.392,-0.744,0.0
0.0,0.0,0.0,0.0
6.715,-0.366,-0.764,0.0
0.0,0.0,0.0,0.0
0.0,0.0,0.0,0.0
0.0,0.0,0.0,0.0
7.289,-0.4,-0.741,0.0
0.0,0.0,0.0,0.0
6.788,-0.374,-0.764,0.0
6.565,-0.363,-0.775,0.0
7.901,-0.435,-0.709,0.0
7.645,-0.422,-0.727,0.0
7.347,-0.407,-0.738,0.0
0.0,0.0,0.0,0.0
6.83,-0.38,-0.761,0.0
6.63,-0.37,-0.774,0.0
7.991,-0.444,-0.707,0.0
7.663,-0.427,-0.719,0.0
0.0,0.0,0.0,0.0
7.115,-0.398,-0.745,0.0
6.913,-0.388,-0.761,0.0
6.683,-0.376,-0.772,0.0
8.095,-0.454,-0.706,0.0
7.802,-0.439,-0.722,0.0
0.0,0.0,0.0,0.0
7.19,-0.406,-0.743,0.0
0.0,0.0,0.0,0.0
6.687,-0.379,-0.763,0.0
8.139,-0.46,-0.699,0.0
7.809,-0.442,-0.713,0.0
0.0,0.0,0.0,0.0
7.253,-0.413,-0.74,0.0
6.971,-0.397,-0.749,0.0
6.788,-0.388,-0.766,0.0
8.162,-0.465,-0.691,0.0
7.929,-0.452,-0.713,0.0
7.672,-0.438,-0.731,0.0
0.0,0.0,0.0,0.0
7.046,-0.404,-0.748,0.0
6.81,-0.391,-0.759,0.0
0.0,0.0,0.0,0.0
7.981,-0.458,-0.707,0.0
0.0,0.0,0.0,0.0
0.0,0.0,0.0,0.0
7.159,-0.413,-0.75,0.0
6.858,-0.397,-0.755,0.0
8.395,-0.484,-0.687,0.0
8.032,-0.464,-0.7,0.0
0.0,0.0,0.0,0.0
0.0,0.0,0.0,0.0
7.233,-0.42,-0.747,0.0
6.974,-0.405,-0.758,0.0
8.488,-0.492,-0.683,0.0
0.0,0.0,0.0,0.0
7.763,-0.451,-0.707,0.0
0.0,0.0,0.0,0.0
7.261,-0.423,-0.74,0.0
7.042,-0.411,-0.755,0.0
8.612,-0.501,-0.681,0.0
8.199,-0.478,-0.691,0.0
0.0,0.0,0.0,0.0
0.0,0.0,0.0,0.0
0.0,0.0,0.0,0.0
7.096,-0.416,-0.75,0.0
8.665,-0.506,-0.672,0.0
8.29,-0.485,-0.687,0.0
7.963,-0.466,-0.702,0.0
0.0,0.0,0.0,0.0
0.0,0.0,0.0,0.0
7.17,-0.422,-0.747,0.0
0.0,0.0,0.0,0.0
8.486,-0.498,-0.691,0.0
0.0,0.0,0.0,0.0
0.0,0.0,0.0,0.0
0.0,0.0,0.0,0.0
7.255,-0.428,-0.745,0.0
0.0,0.0,0.0,0.0
8.638,-0.508,-0.69,0.0
8.19,-0.482,-0.697,0.0
0.0,0.0,0.0,0.0
0.0,0.0,0.0,0.0
7.273,-0.43,-0.736,0.0
9.046,-0.532,-0.661,0.0
8.631,-0.508,-0.676,0.0
8.252,-0.487,-0.69,0.0
0.0,0.0,0.0,0.0
0.0,0.0,0.0,0.0
0.0,0.0,0.0,0.0
9.086,-0.536,-0.65,0.0
0.0,0.0,0.0,0.0
0.0,0.0,0.0,0.0
0.0,0.0,0.0,0.0
7.716,-0.456,-0.716,0.0
0.0,0.0,0.0,0.0
9.254,-0.546,-0.648,0.0
0.0,0.0,0.0,0.0
8.474,-0.5,-0.683,0.0
0.0,0.0,0.0,0.0
7.88,-0.466,-0.719,0.0
0.0,0.0,0.0,0.0
9.486,-0.559,-0.649,0.0
0.0,0.0,0.0,0.0
8.554,-0.505,-0.675,0.0
0.0,0.0,0.0,0.0
7.967,-0.471,-0.714,0.0
0.0,0.0,0.0,0.0
9.609,-0.566,-0.642,0.0
0.0,0.0,0.0,0.0
0.0,0.0,0.0,0.0
0.0,0.0,0.0,0.0
7.994,-0.471,-0.704,0.0
7.748,-0.457,-0.723,0.0
9.688,-0.57,-0.632,0.0
9.233,-0.543,-0.651,0.0
0.0,0.0,0.0,0.0
0.0,0.0,0.0,0.0
8.14,-0.479,-0.703,0.0
7.835,-0.461,-0.718,0.0
9.84,-0.577,-0.626,0.0
0.0,0.0,0.0,0.0
0.0,0.0,0.0,0.0
0.0,0.0,0.0,0.0
8.209,-0.482,-0.696,0.0
7.946,-0.466,-0.715,0.0
10.038,-0.587,-0.622,0.0
9.592,-0.561,-0.645,0.0
0.0,0.0,0.0,0.0
0.0,0.0,0.0,0.0
8.303,-0.486,-0.69,0.0
8.018,-0.469,-0.709,0.0
10.229,-0.596,-0.617,0.0
9.714,-0.566,-0.637,0.0
9.221,-0.537,-0.653,0.0
0.0,0.0,0.0,0.0
8.453,-0.492,-0.689,0.0
8.126,-0.473,-0.705,0.0
10.39,-0.603,-0.61,0.0
9.881,-0.573,-0.632,0.0
0.0,0.0,0.0,0.0
0.0,0.0,0.0,0.0
8.513,-0.493,-0.679,0.0
8.196,-0.475,-0.697,0.0
10.557,-0.609,-0.602,0.0
9.996,-0.577,-0.623,0.0
9.571,-0.552,-0.646,0.0
0.0,0.0,0.0,0.0
0.0,0.0,0.0,0.0
8.317,-0.479,-0.693,0.0
10.76,-0.617,-0.596,0.0
10.193,-0.585,-0.618,0.0
9.631,-0.552,-0.634,0.0
9.307,-0.533,-0.662,0.0
8.841,-0.506,-0.676,0.0
8.422,-0.482,-0.688,0.0
10.941,-0.624,-0.588,0.0
10.371,-0.591,-0.611,0.0
9.901,-0.563,-0.635,0.0
0.0,0.0,0.0,0.0
9.007,-0.512,-0.673,0.0
8.562,-0.486,-0.685,0.0
11.132,-0.63,-0.579,0.0
10.522,-0.595,-0.602,0.0
10.111,-0.571,-0.632,0.0
9.577,-0.54,-0.649,0.0
9.084,-0.512,-0.664,0.0
0.0,0.0,0.0,0.0
11.341,-0.636,-0.571,0.0
10.718,-0.601,-0.595,0.0
10.215,-0.572,-0.621,0.0
9.636,-0.539,-0.637,0.0
9.31,-0.52,-0.664,0.0
8.815,-0.492,-0.675,0.0
11.55,-0.642,-0.562,0.0
10.98,-0.61,-0.591,0.0
10.338,-0.573,-0.611,0.0
0.0,0.0,0.0,0.0
9.418,-0.521,-0.656,0.0
8.936,-0.494,-0.669,0.0
11.796,-0.649,-0.554,0.0
11.169,-0.614,-0.582,0.0
10.508,-0.577,-0.603,0.0
10.03,-0.55,-0.629,0.0
9.578,-0.524,-0.65,0.0
9.152,-0.5,-0.669,0.0
11.947,-0.651,-0.54,0.0
11.34,-0.617,-0.572,0.0
10.736,-0.583,-0.597,0.0
10.14,-0.55,-0.618,0.0
9.672,-0.523,-0.64,0.0
9.233,-0.499,-0.66,0.0
12.257,-0.66,-0.533,0.0
11.514,-0.619,-0.561,0.0
10.94,-0.587,-0.59,0.0
10.393,-0.557,-0.616,0.0
9.828,-0.525,-0.634,0.0
9.387,-0.501,-0.654,0.0
12.424,-0.661,-0.52,0.0
11.809,-0.627,-0.555,0.0
11.143,-0.59,-0.582,0.0
10.476,-0.554,-0.603,0.0
9.992,-0.527,-0.627,0.0
9.568,-0.504,-0.651,0.0
12.717,-0.667,-0.51,0.0
12.017,-0.629,-0.545,0.0
11.332,-0.592,-0.573,0.0
10.725,-0.559,-0.599,0.0
10.187,-0.53,-0.622,0.0
9.624,-0.499,-0.638,0.0
12.991,-0.672,-0.499,0.0
12.249,-0.632,-0.534,0.0
11.484,-0.591,-0.56,0.0
10.916,-0.56,-0.591,0.0
10.337,-0.529,-0.613,0.0
9.882,-0.505,-0.638,0.0
13.265,-0.675,-0.487,0.0
12.397,-0.629,-0.519,0.0
11.798,-0.597,-0.556,0.0
11.105,-0.561,-0.582,0.0
10.581,-0.533,-0.61,0.0
10.031,-0.504,-0.631,0.0
13.601,-0.681,-0.476,0.0
12.701,-0.634,-0.511,0.0
11.993,-0.597,-0.545,0.0
11.276,-0.56,-0.572,0.0
10.709,-0.53,-0.599,0.0
10.206,-0.504,-0.624,0.0
13.879,-0.683,-0.463,0.0
12.932,-0.634,-0.498,0.0
12.291,-0.601,-0.537,0.0
11.508,-0.561,-0.564,0.0
10.906,-0.53,-0.592,0.0
10.371,-0.502,-0.617,0.0
14.219,-0.686,-0.45,0.0
13.318,-0.641,-0.491,0.0
12.483,-0.599,-0.525,0.0
11.783,-0.563,-0.558,0.0
11.132,-0.53,-0.585,0.0
10.484,-0.498,-0.606,0.0
14.551,-0.688,-0.436,0.0
13.592,-0.641,-0.478,0.0
12.703,-0.597,-0.513,0.0
11.976,-0.561,-0.547,0.0
11.301,-0.527,-0.575,0.0
10.726,-0.499,-0.602,0.0
14.858,-0.688,-0.42,0.0
13.886,-0.64,-0.465,0.0
13.006,-0.598,-0.503,0.0
12.286,-0.562,-0.54,0.0
11.571,-0.528,-0.569,0.0
10.916,-0.496,-0.594,0.0
15.346,-0.695,-0.408,0.0
14.199,-0.64,-0.452,0.0
13.231,-0.594,-0.49,0.0
12.416,-0.555,-0.525,0.0
11.782,-0.525,-0.56,0.0
11.134,-0.494,-0.587,0.0
15.699,-0.693,-0.391,0.0
14.56,-0.641,-0.439,0.0
13.592,-0.595,-0.481,0.0
12.7,-0.554,-0.517,0.0
11.99,-0.521,-0.55,0.0
11.324,-0.49,-0.579,0.0
16.221,-0.699,-0.378,0.0
14.826,-0.636,-0.423,0.0
13.814,-0.59,-0.466,0.0
12.954,-0.55,-0.506,0.0
12.26,-0.518,-0.543,0.0
11.529,-0.485,-0.571,0.0
16.669,-0.699,-0.362,0.0
15.265,-0.637,-0.411,0.0
14.167,-0.588,-0.455,0.0
13.178,-0.544,-0.493,0.0
12.412,-0.51,-0.529,0.0
11.743,-0.481,-0.562,0.0
17.053,-0.695,-0.342,0.0
15.713,-0.637,-0.397,0.0
14.564,-0.587,-0.444,0.0
13.521,-0.542,-0.484,0.0
12.647,-0.505,-0.519,0.0
11.931,-0.473,-0.552,0.0
17.47,-0.69,-0.322,0.0
16.024,-0.63,-0.379,0.0
14.829,-0.579,-0.429,0.0
13.798,-0.536,-0.472,0.0
12.939,-0.5,-0.51,0.0
12.225,-0.47,-0.546,0.0
18.183,-0.695,-0.307,0.0
16.524,-0.628,-0.365,0.0
15.194,-0.574,-0.415,0.0
14.081,-0.529,-0.46,0.0
13.204,-0.493,-0.5,0.0
12.373,-0.46,-0.533,0.0
18.801,-0.695,-0.288,0.0
16.971,-0.623,-0.348,0.0
15.673,-0.572,-0.404,0.0
14.407,-0.522,-0.448,0.0
13.411,-0.483,-0.487,0.0
12.592,-0.451,-0.523,0.0
19.416,-0.691,-0.267,0.0
17.443,-0.617,-0.331,0.0
15.955,-0.561,-0.386,0.0
14.723,-0.514,-0.435,0.0
13.679,-0.474,-0.476,0.0
12.849,-0.442,-0.514,0.0
20.698,-0.709,-0.253,0.0
18.004,-0.612,-0.314,0.0
16.402,-0.554,-0.372,0.0
14.975,-0.502,-0.419,0.0
14.031,-0.467,-0.466,0.0
13.025,-0.43,-0.501,0.0
21.021,-0.69,-0.225,2.0
18.492,-0.603,-0.295,0.0
16.812,-0.544,-0.356,0.0
15.491,-0.497,-0.411,0.0
14.334,-0.457,-0.455,0.0
13.349,-0.422,-0.494,0.0
21.592,-0.678,-0.199,0.0
19.265,-0.6,-0.278,0.0
17.207,-0.532,-0.339,0.0
15.86,-0.486,-0.397,0.0
14.618,-0.444,-0.443,0.0
13.606,-0.41,-0.483,0.0
22.861,-0.685,-0.177,0.0
19.734,-0.586,-0.256,0.0
17.674,-0.52,-0.322,0.0
16.262,-0.474,-0.383,0.0
14.91,-0.431,-0.43,0.0
13.858,-0.397,-0.472,0.0
23.503,-0.669,-0.148,0.0
20.934,-0.59,-0.242,1.0
18.171,-0.507,-0.305,0.0
16.555,-0.458,-0.366,0.0
15.247,-0.418,-0.417,0.0
14.111,-0.383,-0.46,0.0
24.57,-0.662,-0.12,0.0
21.162,-0.564,-0.214,0.0
18.878,-0.498,-0.29,0.0
16.954,-0.443,-0.351,0.0
15.687,-0.406,-0.407,0.0
14.433,-0.369,-0.451,0.0
24.909,-0.632,-0.086,0.0
22.321,-0.56,-0.195,0.0
19.435,-0.482,-0.272,0.0
17.28,-0.424,-0.334,0.0
15.991,-0.388,-0.393,0.0
14.699,-0.353,-0.439,0.0
25.812,-0.614,-0.054,0.0
23.202,-0.546,-0.171,0.0
20.067,-0.466,-0.253,0.0
17.883,-0.41,-0.321,0.0
16.346,-0.371,-0.38,0.0
14.943,-0.335,-0.426,0.0
26.621,-0.591,-0.02,0.0
23.753,-0.52,-0.143,0.0
20.879,-0.451,-0.235,0.0
18.261,-0.39,-0.304,0.0
16.631,-0.35,-0.364,0.0
15.393,-0.32,-0.418,0.0
27.459,-0.565,0.015,0.0
24.616,-0.499,-0.115,1.0
21.939,-0.439,-0.219,0.0
18.889,-0.372,-0.29,0.0
16.98,-0.33,-0.35,0.0
15.658,-0.299,-0.405,0.0
28.545,-0.539,0.053,3.0
25.123,-0.467,-0.085,0.0
22.548,-0.413,-0.195,0.0
19.489,-0.351,-0.274,0.0
17.35,-0.308,-0.335,0.0
16.006,-0.279,-0.394,0.0
28.663,-0.493,0.089,1.0
25.786,-0.436,-0.055,0.0
23.248,-0.386,-0.172,0.0
20.063,-0.327,-0.256,0.0
17.881,-0.286,-0.323,0.0
16.355,-0.257,-0.382,0.0
28.797,-0.446,0.126,0.0
26.404,-0.401,-0.023,0.0
23.667,-0.352,-0.146,0.0
20.775,-0.303,-0.24,0.0
18.236,-0.26,-0.307,0.0
16.642,-0.233,-0.368,0.0
30.336,-0.416,0.17,0.0
27.34,-0.367,0.008,0.0
24.443,-0.32,-0.121,0.0
21.652,-0.277,-0.224,0.0
18.866,-0.236,-0.295,0.0
16.893,-0.206,-0.353,0.0
31.674,-0.378,0.215,0.0
28.2,-0.328,0.043,0.0
24.905,-0.282,-0.093,0.0
22.269,-0.245,-0.204,0.0
19.282,-0.207,-0.279,0.0
17.255,-0.179,-0.341,0.0
32.355,-0.328,0.258,1.0
28.714,-0.282,0.077,3.0
25.464,-0.242,-0.066,0.0
22.734,-0.21,-0.182,0.0
19.783,-0.176,-0.263,0.0
17.579,-0.151,-0.327,0.0
32.924,-0.274,0.3,0.0
28.776,-0.23,0.109,6.0
25.945,-0.2,-0.038,0.0
23.301,-0.172,-0.16,0.0
20.464,-0.145,-0.25,0.0
18.106,-0.122,-0.317,0.0
0.0,0.0,0.0,0.0
28.845,-0.177,0.141,2.0
26.787,-0.156,-0.01,0.0
24.086,-0.133,-0.14,0.0
21.4,-0.111,-0.238,0.0
18.425,-0.09,-0.303,0.0
36.002,-0.166,0.407,0.0
30.862,-0.132,0.184,1.0
27.542,-0.11,0.018,0.0
24.589,-0.09,-0.117,0.0
21.708,-0.072,-0.218,0.0
18.76,-0.057,-0.289,0.0
36.704,-0.1,0.453,0.0
31.548,-0.076,0.221,0.0
28.584,-0.059,0.048,2.0
25.115,-0.044,-0.093,0.0
22.082,-0.032,-0.2,0.0
19.51,-0.022,-0.28,0.0
37.971,-0.031,0.507,0.0
33.085,-0.017,0.265,0.0
28.635,-0.005,0.077,1.0
25.613,0.003,-0.07,0.0
22.855,0.01,-0.184,0.0
19.862,0.015,-0.266,0.0
0.0,0.0,0.0,0.0
0.0,0.0,0.0,0.0
28.763,0.049,0.105,1.0
26.074,0.053,-0.046,0.0
23.282,0.055,-0.165,1.0
20.618,0.056,-0.257,0.0
41.675,0.127,0.637,0.0
0.0,0.0,0.0,0.0
29.405,0.108,0.135,0.0
26.73,0.107,-0.022,0.0
23.576,0.102,-0.146,0.0
20.998,0.097,-0.242,2.0
41.864,0.209,0.678,0.0
35.0,0.185,0.379,0.0
28.832,0.162,0.158,0.0
27.051,0.161,0.0,0.0
24.253,0.152,-0.129,0.0
21.404,0.141,-0.228,2.0
43.351,0.301,0.74,0.0
36.453,0.265,0.426,0.0
0.0,0.0,0.0,0.0
27.553,0.218,0.024,0.0
24.822,0.205,-0.111,0.0
22.052,0.189,-0.217,4.0
0.0,0.0,0.0,0.0
37.19,0.345,0.466,0.0
0.0,0.0,0.0,0.0
28.59,0.284,0.048,1.0
25.162,0.257,-0.092,0.0
22.094,0.233,-0.199,1.0
0.0,0.0,0.0,0.0
38.679,0.436,0.516,0.0
32.174,0.373,0.256,0.0
28.779,0.343,0.071,5.0
25.681,0.314,-0.074,0.0
22.742,0.286,-0.188,0.0
47.464,2.168,1.265,15.0
47.41,2.18,1.003,0.0
47.692,2.207,0.746,0.0
0.0,0.0,0.0,0.0
29.734,1.394,0.135,0.0
26.372,1.244,-0.024,1.0
47.421,2.262,1.269,8.0
47.395,2.275,1.008,1.0
50.237,2.427,0.791,0.0
35.942,1.747,0.365,0.0
29.968,1.466,0.139,0.0
26.391,1.299,-0.022,1.0
47.368,2.355,1.272,15.0
47.166,2.359,1.007,0.0
49.618,2.496,0.785,1.0
34.825,1.763,0.355,0.0
30.007,1.527,0.141,0.0
26.414,1.353,-0.021,1.0
47.323,2.448,1.273,17.0
47.282,2.459,1.011,3.0
49.18,2.572,0.78,2.0
0.0,0.0,0.0,0.0
30.065,1.59,0.142,1.0
26.467,1.408,-0.02,0.0
47.29,2.541,1.273,34.0
47.274,2.553,1.011,4.0
48.795,2.649,0.774,3.0
35.658,1.947,0.364,0.0
30.208,1.658,0.142,0.0
26.495,1.462,-0.021,0.0
47.267,2.633,1.271,37.0
47.237,2.644,1.008,7.0
48.206,2.713,0.762,4.0
35.515,2.009,0.361,0.0
29.953,1.703,0.139,0.0
26.359,1.506,-0.023,0.0
47.241,2.726,1.267,31.0
47.208,2.737,1.004,6.0
47.765,2.783,0.751,8.0
35.41,2.073,0.357,0.0
30.019,1.766,0.136,0.0
26.39,1.561,-0.025,0.0
47.234,2.819,1.261,38.0
47.252,2.833,1.0,6.0
47.504,2.862,0.742,1.0
47.245,2.86,0.471,1.0
29.837,1.814,0.132,1.0
26.209,1.601,-0.029,1.0
47.219,2.911,1.255,166.0
47.242,2.925,0.993,5.0
45.743,2.845,0.707,0.0
36.356,2.271,0.356,0.0
29.567,1.856,0.126,0.0
26.146,1.648,-0.033,0.0
47.223,3.003,1.246,161.0
47.26,3.018,0.984,5.0
47.831,3.068,0.73,0.0
36.566,2.355,0.351,0.0
29.303,1.896,0.118,0.0
26.039,1.692,-0.039,0.0
47.23,3.094,1.236,166.0
47.245,3.108,0.973,4.0
46.184,3.051,0.695,0.0
34.734,2.304,0.325,0.0
29.103,1.938,0.11,1.0
25.838,1.728,-0.045,0.0
47.253,3.186,1.225,167.0
47.272,3.2,0.962,3.0
47.284,3.213,0.699,0.0
0.0,0.0,0.0,0.0
28.916,1.981,0.102,1.0
25.624,1.762,-0.052,0.0
47.27,3.276,1.212,167.0
47.372,3.296,0.95,3.0
46.552,3.251,0.674,0.0
34.808,2.44,0.306,0.0
28.766,2.024,0.092,1.0
25.482,1.8,-0.059,0.0
47.274,3.365,1.196,36.0
47.39,3.386,0.935,2.0
0.0,0.0,0.0,0.0
33.634,2.421,0.284,0.0
28.696,2.073,0.082,1.0
25.279,1.833,-0.068,0.0
47.33,3.457,1.181,9.0
47.382,3.473,0.917,2.0
0.0,0.0,0.0,0.0
33.269,2.456,0.268,0.0
28.3,2.096,0.07,1.0
25.115,1.866,-0.077,0.0
47.386,3.548,1.164,9.0
47.422,3.563,0.899,1.0
0.0,0.0,0.0,0.0
32.936,2.49,0.252,0.0
28.023,2.126,0.058,1.0
24.803,1.888,-0.087,1.0
47.422,3.636,1.144,13.0
47.617,3.663,0.882,2.0
0.0,0.0,0.0,0.0
32.792,2.538,0.236,1.0
27.781,2.158,0.045,1.0
24.363,1.898,-0.096,1.0
47.463,3.724,1.123,15.0
47.819,3.763,0.863,2.0
0.0,0.0,0.0,0.0
31.833,2.521,0.214,1.0
27.586,2.191,0.031,1.0
24.203,1.928,-0.108,1.0
47.549,3.814,1.102,12.0
47.961,3.859,0.842,3.0
0.0,0.0,0.0,0.0
31.465,2.546,0.196,0.0
27.235,2.211,0.016,1.0
24.086,1.961,-0.12,2.0
47.647,3.905,1.078,10.0
49.229,4.046,0.838,19.0
0.0,0.0,0.0,0.0
31.134,2.573,0.177,0.0
26.843,2.225,0.001,1.0
23.918,1.988,-0.132,1.0
51.503,4.309,1.137,8.0
49.109,4.119,0.808,5.0
0.0,0.0,0.0,0.0
30.704,2.589,0.157,0.0
26.601,2.249,-0.013,1.0
23.578,1.999,-0.144,0.0
51.237,4.372,1.101,6.0
48.724,4.169,0.773,4.0
36.426,3.124,0.372,0.0
30.308,2.606,0.136,0.0
26.209,2.26,-0.029,1.0
23.01,1.989,-0.155,1.0
51.342,4.466,1.071,2.0
48.403,4.22,0.737,19.0
36.016,3.148,0.345,0.0
29.209,2.559,0.112,0.0
25.969,2.281,-0.046,1.0
22.729,2.002,-0.168,1.0
51.266,4.542,1.036,0.0
48.242,4.284,0.703,3.0
34.361,3.059,0.307,0.0
29.118,2.598,0.093,1.0
25.553,2.286,-0.062,1.0
22.435,2.012,-0.181,2.0
48.02,4.331,0.938,2.0
47.658,4.307,0.662,0.0
34.197,3.098,0.281,0.0
29.063,2.639,0.072,1.0
24.966,2.272,-0.078,1.0
22.035,2.01,-0.193,3.0
47.64,4.37,0.896,3.0
41.075,3.776,0.541,0.0
33.826,3.116,0.254,0.0
28.771,2.656,0.051,1.0
24.662,2.282,-0.095,0.0
21.758,2.018,-0.207,4.0
47.226,4.403,0.854,4.0
40.64,3.797,0.505,0.0
32.299,3.024,0.218,0.0
27.713,2.601,0.028,0.0
24.265,2.282,-0.112,0.0
21.498,2.026,-0.221,4.0
46.849,4.438,0.811,7.0
40.436,3.838,0.471,0.0
31.769,3.021,0.19,0.0
26.999,2.573,0.006,0.0
24.001,2.292,-0.13,0.0
21.285,2.037,-0.235,4.0
46.547,4.477,0.769,5.0
33.835,3.26,0.367,0.0
29.351,2.834,0.152,1.0
26.308,2.545,-0.014,1.0
23.423,2.27,-0.145,0.0
20.982,2.038,-0.249,0.0
46.287,4.518,0.727,4.0
0.0,0.0,0.0,0.0
29.312,2.871,0.128,3.0
25.985,2.55,-0.036,1.0
22.636,2.226,-0.16,0.0
20.171,1.987,-0.256,0.0
46.006,4.554,0.684,7.0
35.951,3.564,0.33,0.0
29.224,2.903,0.102,1.0
25.689,2.556,-0.057,1.0
22.204,2.214,-0.176,1.0
19.751,1.973,-0.268,0.0
45.75,4.59,0.64,2.0
34.589,3.476,0.287,0.0
29.145,2.934,0.077,1.0
25.021,2.523,-0.078,0.0
21.954,2.218,-0.193,3.0
19.615,1.985,-0.284,0.0
24.338,2.853,-0.091,1.0
21.519,2.524,-0.204,0.0
19.089,2.241,-0.29,0.0
17.139,2.014,-0.36,0.0
15.763,1.853,-0.422,0.0
14.481,1.704,-0.47,0.0
23.866,2.812,-0.117,1.0
20.86,2.46,-0.222,0.0
18.63,2.198,-0.304,0.0
16.869,1.992,-0.374,0.0
15.518,1.834,-0.433,0.0
14.26,1.686,-0.48,0.0
23.417,2.773,-0.142,1.0
20.518,2.431,-0.242,0.0
18.236,2.162,-0.32,0.0
16.594,1.968,-0.388,0.0
15.229,1.808,-0.443,0.0
13.956,1.658,-0.486,0.0
22.84,2.716,-0.165,0.0
20.043,2.385,-0.26,0.0
17.847,2.125,-0.334,0.0
16.141,1.923,-0.396,0.0
14.91,1.777,-0.451,0.0
13.77,1.643,-0.496,0.0
22.027,2.63,-0.186,0.0
19.514,2.331,-0.276,0.0
17.395,2.079,-0.346,0.0
15.865,1.897,-0.408,0.0
14.693,1.758,-0.462,0.0
13.523,1.619,-0.503,0.0
21.373,2.561,-0.205,0.0
18.973,2.274,-0.291,0.0
17.127,2.054,-0.361,0.0
15.712,1.885,-0.422,0.0
14.467,1.737,-0.472,0.0
13.392,1.609,-0.514,0.0
20.714,2.49,-0.223,0.0
18.54,2.229,-0.306,0.0
16.851,2.027,-0.375,0.0
15.357,1.848,-0.431,0.0
14.217,1.712,-0.481,0.0
13.192,1.589,-0.522,0.0
20.428,2.462,-0.245,0.0
18.169,2.191,-0.322,0.0
16.577,2.0,-0.389,0.0
15.098,1.822,-0.442,0.0
13.94,1.683,-0.488,0.0
12.95,1.564,-0.528,0.0
19.802,2.393,-0.261,0.0
17.721,2.142,-0.335,0.0
16.221,1.961,-0.4,0.0
14.828,1.793,-0.452,0.0
13.724,1.661,-0.497,0.0
12.788,1.548,-0.537,0.0
19.368,2.345,-0.278,0.0
17.334,2.099,-0.348,0.0
15.891,1.925,-0.41,0.0
14.591,1.768,-0.462,0.0
13.506,1.637,-0.505,0.0
12.61,1.529,-0.544,0.0
18.979,2.301,-0.295,0.0
17.043,2.067,-0.363,0.0
15.598,1.892,-0.421,0.0
14.256,1.73,-0.468,0.0
13.334,1.619,-0.515,0.0
12.49,1.517,-0.554,0.0
18.388,2.232,-0.308,0.0
16.791,2.039,-0.377,0.0
15.379,1.868,-0.434,0.0
14.068,1.709,-0.479,0.0
13.137,1.596,-0.523,0.0
12.33,1.499,-0.561,0.0
18.111,2.201,-0.324,0.0
16.509,2.006,-0.39,0.0
15.128,1.839,-0.445,0.0
13.866,1.686,-0.488,0.0
12.914,1.57,-0.529,0.0
12.214,1.486,-0.57,0.0
17.664,2.147,-0.337,0.0
16.09,1.956,-0.399,0.0
14.8,1.8,-0.452,0.0
13.65,1.66,-0.497,0.0
12.728,1.548,-0.536,0.0
12.057,1.467,-0.577,0.0
17.272,2.1,-0.35,0.0
15.843,1.926,-0.411,0.0
14.562,1.77,-0.462,0.0
13.464,1.637,-0.506,0.0
12.553,1.527,-0.543,0.0
11.769,1.432,-0.577,0.0
17.007,2.067,-0.364,0.0
15.636,1.9,-0.424,0.0
14.254,1.732,-0.468,0.0
13.238,1.609,-0.512,0.0
12.453,1.514,-0.554,0.0
11.692,1.422,-0.587,0.0
16.773,2.037,-0.378,0.0
15.3,1.858,-0.433,0.0
14.086,1.711,-0.479,0.0
13.092,1.59,-0.522,0.0
12.358,1.501,-0.564,0.0
11.495,1.396,-0.59,0.0
16.445,1.995,-0.39,0.0
15.033,1.824,-0.442,0.0
13.847,1.68,-0.487,0.0
12.949,1.571,-0.531,0.0
12.155,1.475,-0.568,0.0
11.351,1.377,-0.596,0.0
16.061,1.946,-0.398,0.0
14.88,1.803,-0.455,0.0
13.681,1.657,-0.496,0.0
12.722,1.541,-0.536,0.0
11.971,1.45,-0.573,0.0
11.244,1.362,-0.603,0.0
15.813,1.912,-0.41,0.0
14.529,1.757,-0.46,0.0
13.45,1.626,-0.503,0.0
12.573,1.52,-0.544,0.0
11.831,1.43,-0.58,0.0
11.097,1.341,-0.607,0.0
15.595,1.882,-0.422,0.0
14.308,1.726,-0.469,0.0
13.281,1.602,-0.511,0.0
12.463,1.503,-0.553,0.0
11.647,1.405,-0.583,0.0
10.984,1.325,-0.613,0.0
15.418,1.856,-0.434,0.0
14.097,1.696,-0.477,0.0
13.131,1.58,-0.52,0.0
12.334,1.484,-0.56,0.0
11.487,1.382,-0.588,0.0
10.906,1.312,-0.621,0.0
15.093,1.812,-0.441,0.0
13.92,1.67,-0.486,0.0
12.954,1.554,-0.527,0.0
12.073,1.448,-0.561,0.0
11.371,1.363,-0.594,0.0
10.758,1.29,-0.624,0.0
14.886,1.781,-0.45,0.0
13.662,1.634,-0.492,0.0
12.75,1.524,-0.532,0.0
11.974,1.431,-0.569,0.0
11.275,1.347,-0.601,0.0
10.662,1.274,-0.629,0.0
14.638,1.745,-0.458,0.0
13.551,1.614,-0.502,0.0
12.6,1.501,-0.539,0.0
11.806,1.406,-0.574,0.0
11.124,1.324,-0.604,0.0
10.547,1.255,-0.634,0.0
14.418,1.712,-0.466,0.0
13.359,1.585,-0.508,0.0
12.506,1.483,-0.547,0.0
11.686,1.386,-0.58,0.0
11.015,1.306,-0.61,0.0
10.43,1.236,-0.637,0.0
14.261,1.685,-0.476,0.0
13.139,1.552,-0.513,0.0
12.387,1.462,-0.555,0.0
11.57,1.365,-0.586,0.0
10.967,1.294,-0.618,0.0
10.305,1.215,-0.64,0.0
13.926,1.638,-0.479,0.0
12.996,1.528,-0.521,0.0
12.218,1.436,-0.559,0.0
11.397,1.338,-0.588,0.0
10.859,1.275,-0.623,0.0
10.239,1.201,-0.646,0.0
13.754,1.609,-0.486,0.0
12.842,1.502,-0.527,0.0
12.092,1.413,-0.565,0.0
11.328,1.323,-0.596,0.0
10.728,1.253,-0.626,0.0
10.114,1.18,-0.648,0.0
13.596,1.582,-0.493,0.0
12.71,1.478,-0.534,0.0
11.932,1.387,-0.569,0.0
11.236,1.305,-0.602,0.0
10.571,1.227,-0.626,0.0
10.008,1.161,-0.65,0.0
13.471,1.558,-0.501,0.0
12.575,1.453,-0.54,0.0
11.785,1.361,-0.573,0.0
11.084,1.28,-0.603,0.0
10.492,1.211,-0.631,0.0
9.914,1.143,-0.653,0.0
13.281,1.526,-0.506,0.0
12.521,1.438,-0.549,0.0
11.68,1.341,-0.578,0.0
11.004,1.262,-0.609,0.0
10.423,1.195,-0.636,0.0
9.814,1.124,-0.655,0.0
13.182,1.505,-0.514,0.0
12.372,1.411,-0.553,0.0
11.544,1.316,-0.582,0.0
10.903,1.242,-0.613,0.0
10.305,1.173,-0.638,0.0
9.735,1.108,-0.659,0.0
13.04,1.478,-0.52,0.0
12.241,1.386,-0.557,0.0
11.446,1.295,-0.586,0.0
10.843,1.226,-0.619,0.0
10.195,1.152,-0.64,0.0
9.677,1.093,-0.663,0.0
12.929,1.455,-0.526,0.0
12.107,1.361,-0.561,0.0
11.341,1.274,-0.591,0.0
10.756,1.207,-0.622,0.0
10.156,1.139,-0.646,0.0
9.576,1.073,-0.664,0.0
12.804,1.429,-0.531,0.0
11.968,1.335,-0.564,0.0
11.233,1.252,-0.594,0.0
10.646,1.185,-0.625,0.0
10.074,1.121,-0.649,0.0
9.532,1.059,-0.668,0.0
12.655,1.401,-0.535,0.0
11.893,1.315,-0.57,0.0
11.162,1.233,-0.599,0.0
10.578,1.168,-0.629,0.0
9.956,1.098,-0.649,0.0
9.441,1.04,-0.669,0.0
12.552,1.377,-0.54,0.0
11.701,1.283,-0.57,0.0
11.08,1.213,-0.602,0.0
10.525,1.151,-0.633,0.0
9.928,1.085,-0.654,0.0
9.361,1.022,-0.67,0.0
12.495,1.359,-0.546,0.0
11.669,1.268,-0.576,0.0
10.994,1.193,-0.606,0.0
10.368,1.124,-0.631,0.0
9.841,1.066,-0.655,0.0
9.282,1.004,-0.671,0.0
12.382,1.334,-0.55,0.0
11.533,1.241,-0.578,0.0
10.931,1.175,-0.61,0.0
10.33,1.109,-0.636,0.0
9.795,1.05,-0.659,0.0
9.286,0.995,-0.677,0.0
12.26,1.308,-0.552,0.0
11.51,1.226,-0.584,0.0
10.87,1.157,-0.613,0.0
10.283,1.093,-0.64,0.0
9.715,1.031,-0.66,0.0
9.157,0.971,-0.674,0.0
12.182,1.286,-0.557,0.0
11.393,1.201,-0.585,0.0
10.77,1.134,-0.614,0.0
10.244,1.077,-0.643,0.0
9.646,1.013,-0.661,0.0
9.157,0.961,-0.679,0.0
12.099,1.264,-0.56,0.0
11.341,1.183,-0.589,0.0
10.726,1.117,-0.618,0.0
10.116,1.053,-0.641,0.0
9.588,0.996,-0.662,0.0
9.081,0.943,-0.679,0.0
11.981,1.238,-0.561,0.0
11.248,1.16,-0.59,0.0
10.709,1.103,-0.623,0.0
10.042,1.033,-0.642,0.0
9.545,0.981,-0.664,0.0
9.123,0.936,-0.687,0.0
11.965,1.222,-0.566,0.0
11.248,1.147,-0.596,0.0
10.626,1.082,-0.623,0.0
9.995,1.016,-0.644,0.0
9.528,0.968,-0.668,0.0
9.031,0.916,-0.684,0.0
11.873,1.198,-0.568,0.0
11.143,1.123,-0.596,0.0
10.612,1.067,-0.628,0.0
9.934,0.998,-0.645,0.0
9.472,0.95,-0.669,0.0
8.939,0.895,-0.682,0.0
11.762,1.172,-0.568,0.0
11.105,1.105,-0.599,0.0
10.53,1.046,-0.627,0.0
9.895,0.981,-0.647,0.0
9.432,0.934,-0.67,0.0
8.942,0.884,-0.686,0.0
11.778,1.159,-0.574,0.0
11.059,1.086,-0.601,0.0
10.462,1.026,-0.628,0.0
9.887,0.968,-0.65,0.0
9.412,0.92,-0.672,0.0
8.843,0.863,-0.682,0.0
11.52,0.845,-0.577,0.0
10.89,0.796,-0.605,0.0
10.307,0.751,-0.63,0.0
9.784,0.711,-0.653,0.0
9.233,0.669,-0.668,0.0
8.844,0.639,-0.689,0.0
11.616,0.833,-0.578,0.0
10.947,0.782,-0.605,0.0
10.313,0.735,-0.627,0.0
9.849,0.699,-0.655,0.0
9.254,0.655,-0.666,0.0
8.887,0.627,-0.689,0.0
11.546,0.809,-0.571,0.0
10.945,0.764,-0.602,0.0
10.305,0.717,-0.623,0.0
9.822,0.681,-0.649,0.0
9.363,0.647,-0.671,0.0
8.913,0.614,-0.688,0.0
11.665,0.798,-0.572,0.0
10.937,0.746,-0.597,0.0
10.407,0.707,-0.625,0.0
9.831,0.666,-0.646,0.0
9.411,0.635,-0.67,0.0
8.92,0.6,-0.685,0.0
11.722,0.783,-0.57,0.0
10.992,0.731,-0.595,0.0
10.445,0.693,-0.623,0.0
9.924,0.656,-0.648,0.0
9.435,0.621,-0.668,0.0
8.928,0.586,-0.681,0.0
11.822,0.77,-0.57,0.0
11.068,0.718,-0.594,0.0
10.471,0.677,-0.62,0.0
9.916,0.639,-0.643,0.0
9.473,0.608,-0.666,0.0
9.019,0.577,-0.684,0.0
11.807,0.75,-0.563,0.0
11.105,0.703,-0.591,0.0
10.462,0.659,-0.614,0.0
9.95,0.625,-0.64,0.0
9.464,0.592,-0.66,0.0
9.002,0.561,-0.678,0.0
11.901,0.736,-0.562,0.0
11.152,0.687,-0.587,0.0
10.651,0.654,-0.619,0.0
10.004,0.611,-0.638,0.0
9.549,0.581,-0.661,0.0
9.044,0.549,-0.676,0.0
11.96,0.72,-0.557,0.0
11.267,0.676,-0.587,0.0
10.646,0.636,-0.613,0.0
10.102,0.601,-0.638,0.0
9.57,0.567,-0.657,0.0
9.145,0.539,-0.678,0.0
12.068,0.707,-0.555,0.0
11.349,0.662,-0.584,0.0
10.642,0.618,-0.606,0.0
10.156,0.587,-0.635,0.0
9.678,0.557,-0.658,0.0
9.199,0.527,-0.676,0.0
12.161,0.692,-0.551,0.0
11.401,0.646,-0.579,0.0
10.779,0.608,-0.606,0.0
10.238,0.575,-0.633,0.0
9.724,0.544,-0.654,0.0
9.175,0.511,-0.667,0.0
12.212,0.675,-0.545,0.0
11.563,0.636,-0.579,0.0
11.006,0.602,-0.611,0.0
10.305,0.561,-0.629,0.0
9.799,0.531,-0.652,0.0
9.276,0.501,-0.668,0.0
12.333,0.661,-0.541,0.0
11.593,0.618,-0.572,0.0
10.922,0.58,-0.598,0.0
10.406,0.55,-0.628,0.0
9.855,0.518,-0.648,0.0
9.325,0.488,-0.664,0.0
12.411,0.645,-0.535,0.0
11.713,0.605,-0.568,0.0
10.957,0.563,-0.591,0.0
10.415,0.533,-0.62,0.0
9.873,0.503,-0.641,0.0
9.465,0.48,-0.666,0.0
12.508,0.629,-0.529,0.0
11.812,0.591,-0.563,0.0
11.126,0.554,-0.591,0.0
10.476,0.519,-0.614,0.0
9.963,0.491,-0.638,0.0
9.498,0.466,-0.66,0.0
12.668,0.616,-0.525,0.0
11.85,0.573,-0.555,0.0
11.297,0.544,-0.59,0.0
10.6,0.507,-0.612,0.0
10.078,0.48,-0.637,0.0
9.556,0.453,-0.656,0.0
12.763,0.6,-0.517,0.0
12.023,0.562,-0.552,0.0
11.328,0.527,-0.581,0.0
10.634,0.492,-0.604,0.0
10.175,0.468,-0.633,0.0
9.63,0.44,-0.652,0.0
12.847,0.583,-0.508,0.0
12.161,0.549,-0.547,0.0
11.463,0.514,-0.577,0.0
10.744,0.479,-0.6,0.0
10.267,0.455,-0.629,0.0
9.736,0.429,-0.649,0.0
13.071,0.572,-0.504,0.0
12.353,0.537,-0.543,0.0
11.575,0.5,-0.571,0.0
10.873,0.467,-0.596,0.0
10.351,0.442,-0.623,0.0
9.822,0.417,-0.645,0.0
13.244,0.558,-0.497,0.0
12.431,0.52,-0.533,0.0
11.729,0.488,-0.566,0.0
10.996,0.454,-0.591,0.0
10.492,0.431,-0.621,0.0
9.904,0.404,-0.639,0.0
13.464,0.545,-0.491,0.0
12.518,0.504,-0.524,0.0
11.884,0.475,-0.561,0.0
11.207,0.445,-0.59,0.0
10.559,0.417,-0.613,0.0
10.055,0.394,-0.638,0.0
13.667,0.532,-0.483,0.0
12.721,0.492,-0.518,0.0
12.073,0.463,-0.556,0.0
11.332,0.432,-0.584,0.0
10.639,0.403,-0.606,0.0
10.154,0.382,-0.633,0.0
13.823,0.516,-0.473,0.0
12.916,0.479,-0.511,0.0
12.204,0.449,-0.548,0.0
11.384,0.416,-0.573,0.0
10.785,0.391,-0.601,0.0
10.214,0.368,-0.624,0.0
14.02,0.501,-0.463,0.0
13.039,0.463,-0.501,0.0
12.384,0.436,-0.541,0.0
11.602,0.406,-0.571,0.0
11.014,0.382,-0.601,0.0
10.381,0.358,-0.622,0.0
14.28,0.488,-0.454,0.0
13.377,0.454,-0.497,0.0
12.434,0.419,-0.528,0.0
11.8,0.394,-0.566,0.0
11.139,0.37,-0.593,0.0
10.488,0.345,-0.615,0.0
14.58,0.476,-0.446,0.0
13.53,0.438,-0.486,0.0
12.698,0.408,-0.524,0.0
11.924,0.38,-0.556,0.0
11.26,0.356,-0.586,0.0
10.63,0.334,-0.61,0.0
14.845,0.462,-0.435,0.0
13.814,0.427,-0.478,0.0
12.811,0.392,-0.512,0.0
12.175,0.37,-0.552,0.0
11.44,0.345,-0.58,0.0
10.738,0.321,-0.602,0.0
15.112,0.448,-0.423,0.0
14.01,0.412,-0.467,0.0
13.05,0.38,-0.504,0.0
12.331,0.356,-0.543,0.0
11.654,0.334,-0.575,0.0
10.995,0.312,-0.601,0.0
15.452,0.435,-0.412,0.0
14.178,0.396,-0.453,0.0
13.273,0.367,-0.494,0.0
12.478,0.342,-0.532,0.0
11.762,0.32,-0.564,0.0
11.129,0.3,-0.593,0.0
15.681,0.418,-0.396,0.0
14.546,0.385,-0.444,0.0
13.521,0.354,-0.485,0.0
12.736,0.331,-0.525,0.0
12.01,0.309,-0.559,0.0
11.28,0.287,-0.585,0.0
16.093,0.406,-0.383,0.0
14.825,0.37,-0.431,0.0
13.809,0.342,-0.475,0.0
12.897,0.316,-0.513,0.0
12.196,0.296,-0.55,0.0
11.448,0.275,-0.577,0.0
16.468,0.392,-0.368,0.0
15.262,0.359,-0.422,0.0
13.96,0.325,-0.459,0.0
13.166,0.304,-0.504,0.0
12.378,0.283,-0.539,0.0
11.672,0.264,-0.57,0.0
16.77,0.375,-0.35,0.0
15.613,0.346,-0.408,0.0
14.376,0.315,-0.452,0.0
13.36,0.29,-0.492,0.0
12.583,0.27,-0.529,0.0
11.869,0.252,-0.562,0.0
17.189,0.361,-0.333,0.0
15.844,0.329,-0.39,0.0
14.669,0.301,-0.438,0.0
13.676,0.277,-0.482,0.0
12.759,0.256,-0.517,0.0
12.097,0.24,-0.554,0.0
17.76,0.348,-0.316,0.0
16.28,0.316,-0.375,0.0
14.987,0.287,-0.424,0.0
13.927,0.264,-0.469,0.0
13.032,0.244,-0.507,0.0
12.34,0.228,-0.545,0.0
18.354,0.335,-0.297,0.0
16.628,0.3,-0.357,0.0
15.502,0.276,-0.414,0.0
14.175,0.249,-0.454,0.0
13.371,0.232,-0.499,0.0
12.445,0.213,-0.53,0.0
19.062,0.323,-0.278,0.0
17.064,0.285,-0.338,0.0
15.801,0.261,-0.396,0.0
14.547,0.237,-0.443,0.0
13.519,0.217,-0.482,0.0
12.712,0.201,-0.52,0.0
19.962,0.312,-0.258,0.0
17.622,0.272,-0.32,0.0
16.209,0.247,-0.38,0.0
14.991,0.225,-0.431,0.0
13.892,0.205,-0.472,0.0
12.948,0.189,-0.508,0.0
20.625,0.297,-0.233,0.0
18.227,0.258,-0.301,0.0
16.602,0.232,-0.361,0.0
15.306,0.21,-0.414,0.0
14.21,0.192,-0.459,0.0
13.308,0.177,-0.5,0.0
21.775,0.286,-0.209,1.0
18.849,0.244,-0.279,0.0
16.977,0.216,-0.34,0.0
15.766,0.197,-0.4,0.0
14.523,0.179,-0.444,0.0
13.569,0.164,-0.486,0.0
22.34,0.267,-0.176,0.0
20.018,0.235,-0.262,0.0
17.594,0.202,-0.322,0.0
16.245,0.184,-0.383,0.0
14.856,0.165,-0.428,0.0
13.891,0.151,-0.473,0.0
23.462,0.252,-0.143,0.0
20.847,0.22,-0.236,0.0
18.28,0.189,-0.302,0.0
16.624,0.168,-0.363,0.0
15.395,0.153,-0.416,0.0
14.188,0.138,-0.458,0.0
24.612,0.235,-0.106,0.0
21.92,0.205,-0.209,3.0
19.02,0.175,-0.28,0.0
17.081,0.153,-0.343,0.0
15.78,0.139,-0.399,0.0
14.627,0.126,-0.446,0.0
25.592,0.216,-0.064,0.0
22.532,0.186,-0.174,1.0
19.906,0.16,-0.257,0.0
17.609,0.138,-0.321,0.0
16.32,0.125,-0.382,0.0
15.091,0.113,-0.432,0.0
26.54,0.194,-0.018,0.0
23.623,0.169,-0.139,0.0
20.937,0.146,-0.232,1.0
18.376,0.125,-0.301,0.0
16.71,0.11,-0.361,0.0
15.527,0.1,-0.416,0.0
27.517,0.172,0.031,0.0
24.911,0.152,-0.101,0.0
22.043,0.13,-0.204,3.0
19.136,0.109,-0.278,0.0
17.174,0.095,-0.339,0.0
15.897,0.085,-0.396,0.0
28.621,0.149,0.086,1.0
25.592,0.129,-0.055,0.0
22.991,0.112,-0.169,1.0
20.116,0.094,-0.254,0.0
17.847,0.081,-0.318,0.0
16.413,0.072,-0.378,0.0
28.998,0.122,0.141,0.0
26.889,0.109,-0.007,0.0
23.818,0.092,-0.13,0.0
21.149,0.078,-0.227,4.0
18.565,0.066,-0.296,0.0
16.838,0.057,-0.355,0.0
57.582,-0.062,5.811,23.0
56.85,-0.053,5.434,27.0
57.446,-0.045,5.184,31.0
62.696,-0.039,5.319,36.0
59.124,-0.027,4.703,24.0
63.332,-0.019,4.702,31.0
57.359,-0.018,5.878,32.0
56.832,-0.01,5.521,27.0
57.37,-0.001,5.267,29.0
58.123,0.008,5.021,24.0
59.168,0.017,4.797,17.0
63.481,0.029,4.809,23.0
56.952,0.025,5.924,31.0
57.095,0.034,5.634,31.0
57.192,0.044,5.337,31.0
57.862,0.054,5.086,32.0
59.189,0.064,4.887,22.0
63.412,0.08,4.899,23.0
57.395,0.072,6.057,28.0
56.804,0.081,5.691,22.0
57.007,0.091,5.406,29.0
57.547,0.101,5.144,32.0
59.222,0.114,4.978,30.0
62.731,0.132,4.939,17.0
57.431,0.121,6.147,27.0
56.683,0.129,5.762,27.0
56.972,0.139,5.486,30.0
56.692,0.148,5.15,30.0
58.916,0.164,5.037,32.0
62.746,0.185,5.03,32.0
56.693,0.168,6.149,31.0
56.793,0.178,5.854,25.0
57.285,0.189,5.597,31.0
56.681,0.197,5.228,31.0
58.454,0.214,5.079,18.0
62.773,0.241,5.12,30.0
56.436,0.218,6.2,25.0
57.053,0.23,5.961,30.0
57.412,0.241,5.69,31.0
57.449,0.252,5.379,31.0
0.0,0.0,0.0,0.0
63.082,0.299,5.231,27.0
56.547,0.27,6.29,24.0
56.993,0.282,6.033,31.0
57.063,0.293,5.732,29.0
57.252,0.304,5.438,31.0
56.738,0.312,5.084,25.0
63.083,0.358,5.315,31.0
56.564,0.323,6.368,14.0
56.815,0.335,6.089,31.0
57.044,0.347,5.806,28.0
57.352,0.359,5.523,28.0
56.66,0.365,5.151,28.0
63.08,0.418,5.396,14.0
56.778,0.378,6.466,13.0
56.792,0.389,6.16,30.0
57.223,0.403,5.897,25.0
58.187,0.42,5.677,32.0
56.719,0.421,5.228,30.0
63.045,0.48,5.472,12.0
52.502,0.402,6.046,13.0
56.646,0.444,6.215,30.0
57.289,0.46,5.976,30.0
0.0,0.0,0.0,0.0
56.911,0.478,5.316,30.0
0.0,0.0,0.0,0.0
52.545,0.455,6.115,24.0
56.91,0.503,6.314,29.0
57.453,0.52,6.062,19.0
57.298,0.529,5.73,14.0
57.261,0.539,5.416,26.0
56.811,0.546,5.067,30.0
52.421,0.508,6.163,24.0
57.127,0.564,6.405,30.0
57.466,0.579,6.131,26.0
57.609,0.592,5.828,32.0
57.737,0.604,5.528,31.0
56.547,0.602,5.108,25.0
52.274,0.561,6.206,25.0
48.786,0.533,5.526,13.0
57.465,0.639,6.196,31.0
57.512,0.65,5.882,31.0
57.75,0.665,5.593,29.0
56.709,0.664,5.185,29.0
52.442,0.619,6.284,9.0
59.335,0.711,6.785,5.0
57.151,0.697,6.224,29.0
57.535,0.712,5.947,16.0
57.81,0.727,5.661,28.0
56.817,0.726,5.255,23.0
52.189,0.672,6.309,12.0
60.016,0.785,6.926,9.0
56.808,0.754,6.246,31.0
57.358,0.773,5.988,20.0
49.946,0.683,4.942,12.0
57.045,0.791,5.335,26.0
48.978,0.685,5.972,24.0
48.612,0.689,5.66,22.0
56.463,0.811,6.265,30.0
57.388,0.837,6.048,31.0
50.051,0.739,5.002,19.0
57.208,0.856,5.406,23.0
48.9,0.738,6.01,23.0
49.044,0.75,5.758,20.0
56.316,0.872,6.303,9.0
57.43,0.901,6.108,26.0
50.163,0.797,5.061,30.0
57.304,0.922,5.469,7.0
48.957,0.794,6.063,22.0
48.838,0.801,5.78,22.0
56.327,0.936,6.357,12.0
50.14,0.843,5.378,19.0
50.163,0.854,5.106,21.0
57.049,0.982,5.495,15.0
49.057,0.852,6.12,23.0
48.86,0.858,5.826,38.0
0.0,0.0,0.0,0.0
50.031,0.899,5.411,25.0
50.252,0.913,5.159,19.0
57.005,1.047,5.54,23.0
48.961,0.907,6.15,9.0
48.851,0.914,5.866,39.0
0.0,0.0,0.0,0.0
50.117,0.958,5.461,23.0
50.164,0.969,5.191,17.0
57.001,1.112,5.586,25.0
45.886,0.903,5.801,22.0
48.732,0.969,5.891,22.0
49.673,0.998,5.73,25.0
50.147,1.017,5.504,24.0
50.228,1.028,5.236,15.0
57.162,1.182,5.645,17.0
45.91,0.957,5.839,26.0
48.737,1.026,5.928,16.0
48.996,1.041,5.689,22.0
50.149,1.075,5.541,24.0
55.015,1.19,5.775,8.0
57.287,1.252,5.698,14.0
45.942,1.012,5.876,29.0
45.394,1.009,5.554,14.0
48.988,1.099,5.723,6.0
50.072,1.133,5.567,34.0
49.926,1.14,5.275,23.0
57.301,1.32,5.739,20.0
45.951,1.067,5.909,14.0
45.404,1.064,5.586,28.0
50.298,1.188,5.909,4.0
50.052,1.192,5.598,22.0
49.866,1.198,5.301,32.0
61.793,1.496,6.228,7.0
0.0,0.0,0.0,0.0
45.512,1.121,5.627,19.0
45.299,1.124,5.349,16.0
45.676,1.142,5.135,19.0
49.723,1.253,5.315,23.0
57.287,1.456,5.807,25.0
47.408,1.215,6.154,14.0
45.408,1.173,5.641,19.0
45.327,1.179,5.378,28.0
50.027,1.312,5.653,8.0
0.0,0.0,0.0,0.0
49.551,1.318,5.05,20.0
47.538,1.276,6.197,18.0
45.244,1.222,5.644,30.0
45.322,1.233,5.401,35.0
45.618,1.25,5.178,19.0
49.692,1.372,5.364,18.0
49.542,1.377,5.073,24.0
44.337,1.243,5.801,17.0
44.155,1.246,5.53,18.0
45.362,1.289,5.428,27.0
45.559,1.303,5.192,20.0
46.073,1.327,4.995,17.0
49.164,1.426,5.057,24.0
44.242,1.294,5.809,38.0
43.938,1.294,5.522,24.0
45.349,1.344,5.446,32.0
45.687,1.363,5.226,14.0
48.699,1.462,5.3,11.0
49.06,1.482,5.066,23.0
44.15,1.345,5.814,24.0
43.873,1.345,5.531,21.0
45.488,1.403,5.48,23.0
45.636,1.416,5.238,9.0
48.779,1.523,5.326,13.0
48.913,1.537,5.068,23.0
44.083,1.397,5.821,18.0
43.819,1.397,5.54,25.0
45.527,1.46,5.5,27.0
45.692,1.473,5.259,13.0
48.908,1.586,5.356,22.0
48.917,1.596,5.084,22.0
43.97,1.447,5.82,19.0
43.765,1.448,5.546,38.0
45.494,1.514,5.509,36.0
0.0,0.0,0.0,0.0
48.642,1.637,5.341,4.0
48.922,1.655,5.098,6.0
43.983,1.501,5.833,27.0
43.739,1.5,5.554,38.0
45.449,1.568,5.515,29.0
45.814,1.589,5.297,20.0
45.791,1.596,5.038,20.0
50.788,1.779,5.304,17.0
43.715,1.545,5.807,33.0
43.836,1.557,5.576,34.0
45.354,1.619,5.513,35.0
45.739,1.641,5.297,27.0
46.003,1.659,5.07,20.0
50.774,1.841,5.311,11.0
43.603,1.594,5.8,27.0
0.0,0.0,0.0,0.0
45.439,1.677,5.53,33.0
45.762,1.697,5.307,33.0
45.49,1.695,5.02,23.0
48.376,1.811,5.067,22.0
43.528,1.643,5.795,31.0
43.959,1.667,5.603,29.0
45.454,1.732,5.537,29.0
45.813,1.753,5.318,20.0
45.346,1.743,5.008,29.0
48.274,1.865,5.06,22.0
43.657,1.701,5.816,36.0
44.155,1.727,5.632,30.0
45.561,1.79,5.553,36.0
45.71,1.804,5.308,34.0
45.417,1.8,5.018,29.0
48.394,1.927,5.075,16.0
43.653,1.752,5.817,31.0
44.592,1.797,5.689,20.0
45.948,1.859,5.601,20.0
45.634,1.854,5.3,20.0
45.393,1.852,5.015,25.0
63.298,2.594,6.638,5.0
43.759,1.808,5.83,31.0
0.0,0.0,0.0,0.0
45.884,1.911,5.592,20.0
45.658,1.909,5.301,30.0
49.625,2.083,5.481,6.0
56.177,2.367,5.888,7.0
43.834,1.862,5.838,31.0
0.0,0.0,0.0,0.0
45.801,1.961,5.578,20.0
45.608,1.959,5.292,29.0
45.977,1.983,5.074,12.0
49.427,2.14,5.176,15.0
43.908,1.916,5.843,38.0
44.751,1.96,5.7,19.0
45.874,2.016,5.582,21.0
45.542,2.009,5.278,31.0
46.061,2.039,5.077,32.0
49.381,2.194,5.164,12.0
44.236,1.982,5.88,33.0
44.368,1.994,5.644,32.0
46.007,2.075,5.59,20.0
45.585,2.063,5.275,33.0
48.342,2.195,5.32,4.0
56.408,2.57,5.889,15.0
44.415,2.04,5.895,32.0
44.382,2.046,5.637,39.0
45.994,2.126,5.579,10.0
45.59,2.114,5.266,34.0
48.57,2.26,5.335,22.0
59.412,2.774,6.189,4.0
44.536,2.096,5.901,36.0
44.395,2.096,5.628,38.0
45.923,2.175,5.559,19.0
45.613,2.166,5.257,31.0
57.265,2.729,6.274,30.0
59.356,2.837,6.167,17.0
44.486,2.143,5.881,30.0
44.401,2.145,5.615,25.0
45.789,2.219,5.529,33.0
48.153,2.34,5.535,29.0
56.735,2.765,6.199,30.0
50.589,2.473,5.24,24.0
44.475,2.192,5.865,30.0
44.338,2.191,5.592,17.0
45.835,2.271,5.519,35.0
48.944,2.432,5.609,24.0
51.322,2.557,5.589,24.0
50.522,2.524,5.215,21.0
44.5,2.241,5.852,33.0
48.111,2.429,6.05,13.0
45.788,2.318,5.496,26.0
47.521,2.412,5.427,20.0
50.607,2.576,5.491,13.0
50.417,2.573,5.183,24.0
44.457,2.286,5.827,37.0
47.771,2.462,5.987,21.0
43.626,2.254,5.217,27.0
47.41,2.456,5.394,18.0
48.686,2.528,5.261,22.0
50.248,2.617,5.144,23.0
44.516,2.335,5.815,33.0
47.593,2.503,5.943,21.0
43.567,2.296,5.19,18.0
47.368,2.503,5.366,29.0
48.555,2.572,5.223,22.0
50.02,2.655,5.096,24.0
44.556,2.384,5.797,32.0
0.0,0.0,0.0,0.0
43.682,2.346,5.181,22.0
47.553,2.561,5.363,22.0
48.818,2.635,5.226,6.0
50.056,2.707,5.073,7.0
44.331,2.416,5.744,17.0
0.0,0.0,0.0,0.0
43.68,2.39,5.157,27.0
47.675,2.614,5.35,22.0
44.782,2.461,4.769,11.0
49.968,2.752,5.036,22.0
35.459,1.967,4.574,27.0
43.78,2.433,5.394,31.0
43.629,2.429,5.125,33.0
48.528,2.708,5.416,6.0
44.768,2.503,4.74,22.0
49.394,2.767,4.948,23.0
35.389,1.997,4.542,32.0
43.786,2.475,5.367,23.0
43.61,2.469,5.095,29.0
45.0,2.553,4.994,21.0
44.852,2.549,4.72,22.0
49.241,2.804,4.901,23.0
35.415,2.031,4.522,32.0
43.789,2.516,5.338,16.0
47.148,2.714,5.476,3.0
45.185,2.605,4.984,20.0
48.255,2.787,5.045,13.0
49.555,2.867,4.898,24.0
42.907,2.5,5.448,12.0
43.736,2.552,5.301,27.0
43.736,2.556,5.049,19.0
44.849,2.626,4.914,26.0
48.325,2.834,5.018,21.0
56.915,3.343,5.584,16.0
42.992,2.543,5.427,19.0
43.669,2.587,5.26,27.0
44.549,2.643,5.109,20.0
44.9,2.668,4.886,21.0
48.75,2.901,5.025,22.0
57.057,3.401,5.554,17.0
42.911,2.575,5.383,34.0
0.0,0.0,0.0,0.0
44.981,2.707,5.122,29.0
48.388,2.916,5.227,14.0
49.345,2.978,5.046,22.0
63.15,3.818,6.096,11.0
42.897,2.61,5.346,34.0
42.337,2.579,5.031,5.0
44.938,2.741,5.08,25.0
48.824,2.982,5.233,23.0
51.652,3.159,5.239,7.0
63.163,3.869,6.044,17.0
42.905,2.646,5.309,26.0
45.11,2.784,5.321,13.0
0.0,0.0,0.0,0.0
48.854,3.023,5.193,23.0
60.121,3.725,6.045,12.0
63.044,3.911,5.977,13.0
43.224,2.699,5.31,19.0
45.053,2.816,5.273,8.0
46.65,2.919,5.19,21.0
49.052,3.072,5.17,23.0
51.997,3.261,5.181,13.0
54.981,3.452,5.162,11.0
43.189,2.729,5.265,20.0
45.304,2.865,5.261,13.0
47.154,2.985,5.202,16.0
49.177,3.116,5.136,23.0
51.996,3.298,5.131,25.0
59.761,3.795,5.554,20.0
0.0,0.0,0.0,0.0
45.589,2.915,5.249,20.0
47.097,3.015,5.15,12.0
49.275,3.157,5.098,4.0
51.918,3.329,5.073,25.0
59.692,3.832,5.489,10.0
42.362,2.736,5.081,19.0
45.982,2.972,5.248,20.0
47.15,3.05,5.108,12.0
59.887,3.876,6.137,2.0
52.051,3.373,5.033,25.0
68.659,4.453,6.244,8.0
42.486,2.771,5.052,15.0
46.791,3.054,5.292,7.0
0.0,0.0,0.0,0.0
51.692,3.38,5.242,6.0
52.217,3.416,4.994,22.0
58.013,3.798,5.215,19.0
46.765,3.08,5.51,4.0
34.178,2.252,3.829,26.0
49.125,3.24,5.218,23.0
51.628,3.407,5.18,18.0
52.343,3.456,4.949,24.0
0.0,0.0,0.0,0.0
47.113,3.131,5.499,22.0
34.137,2.269,3.786,26.0
51.563,3.429,5.42,6.0
51.554,3.431,5.115,8.0
52.352,3.486,4.892,21.0
59.33,3.953,5.203,22.0
46.779,3.134,5.408,13.0
34.155,2.289,3.75,26.0
64.527,4.327,6.71,5.0
54.848,3.68,5.38,9.0
62.837,4.218,5.801,9.0
0.0,0.0,0.0,0.0
46.813,3.161,5.357,14.0
33.887,2.289,3.68,11.0
54.664,3.694,5.62,17.0
65.86,4.452,6.383,19.0
61.092,4.132,5.568,5.0
58.096,3.93,4.96,13.0
34.176,2.324,3.87,27.0
33.786,2.298,3.629,21.0
54.778,3.727,5.567,16.0
65.923,4.487,6.31,11.0
59.244,4.034,5.329,13.0
67.013,4.564,5.641,10.0
34.176,2.339,3.828,33.0
33.773,2.312,3.587,24.0
48.308,3.308,4.85,15.0
52.011,3.563,4.915,5.0
59.208,4.056,5.253,15.0
58.609,4.017,4.862,21.0
34.001,2.341,3.766,28.0
33.803,2.328,3.547,25.0
48.265,3.324,4.785,17.0
62.778,4.325,5.854,2.0
59.193,4.079,5.177,6.0
58.587,4.038,4.785,25.0
33.845,2.343,3.705,29.0
54.581,3.779,5.658,8.0
48.208,3.339,4.717,23.0
60.984,4.223,5.608,7.0
81.022,5.612,6.982,12.0
58.451,4.049,4.699,32.0
33.707,2.345,3.646,23.0
54.548,3.796,5.583,17.0
48.18,3.352,4.651,19.0
59.067,4.11,5.354,6.0
58.689,4.084,4.98,18.0
58.141,4.045,4.598,40.0
33.742,2.358,3.605,25.0
48.256,3.372,4.874,22.0
52.006,3.634,4.951,9.0
51.873,3.624,4.633,17.0
58.651,4.098,4.898,28.0
58.133,4.061,4.519,21.0
33.853,2.375,3.57,28.0
48.246,3.383,4.808,27.0
51.97,3.644,4.877,19.0
51.844,3.635,4.559,8.0
58.642,4.111,4.817,25.0
61.543,4.314,4.7,11.0
48.29,3.398,5.026,6.0
48.194,3.391,4.735,22.0
51.969,3.655,4.804,13.0
58.763,4.132,5.086,15.0
58.424,4.108,4.718,25.0
61.51,4.324,4.613,20.0
48.343,3.411,4.964,16.0
48.143,3.396,4.663,10.0
51.883,3.658,4.724,16.0
58.706,4.138,4.998,31.0
58.115,4.096,4.612,31.0
61.377,4.324,4.517,26.0
48.282,3.414,4.889,18.0
66.82,4.723,6.377,6.0
51.832,3.662,4.645,24.0
58.664,4.143,4.911,28.0
58.148,4.104,4.532,20.0
61.36,4.33,4.427,27.0
48.271,3.418,4.818,31.0
51.965,3.677,4.884,13.0
58.812,4.16,5.186,9.0
58.67,4.148,4.827,20.0
61.509,4.347,4.705,10.0
60.734,4.291,4.294,23.0
48.207,3.417,4.741,16.0
51.94,3.679,4.805,21.0
58.766,4.16,5.095,28.0
58.307,4.125,4.711,12.0
61.525,4.351,4.615,24.0
60.738,4.293,4.205,26.0
48.183,3.416,4.667,3.0
51.858,3.674,4.721,18.0
58.717,4.157,5.004,29.0
58.128,4.113,4.611,32.0
61.388,4.341,4.513,26.0
61.38,4.338,4.159,31.0
66.824,4.736,6.371,4.0
51.835,3.671,4.64,24.0
58.667,4.152,4.911,28.0
58.11,4.109,4.522,13.0
61.298,4.332,4.415,25.0
0.0,0.0,0.0,0.0
51.971,3.68,4.876,15.0
58.81,4.161,5.176,13.0
58.676,4.148,4.824,17.0
61.526,4.346,4.695,12.0
60.644,4.281,4.277,24.0
60.783,4.288,3.936,13.0
51.923,3.671,4.793,16.0
58.757,4.151,5.082,22.0
58.25,4.112,4.7,18.0
61.455,4.334,4.596,27.0
60.994,4.298,4.209,32.0
60.778,4.28,3.843,13.0
51.849,3.659,4.706,20.0
58.709,4.139,4.987,28.0
58.114,4.093,4.599,30.0
61.324,4.315,4.492,32.0
61.69,4.337,4.161,30.0
77.719,5.459,4.794,17.0
51.856,3.649,4.626,18.0
58.648,4.123,4.891,24.0
58.124,4.082,4.51,12.0
61.321,4.302,4.396,20.0
0.0,0.0,0.0,0.0
77.749,5.445,4.674,26.0
58.904,4.132,5.162,5.0
58.644,4.109,4.798,23.0
61.592,4.311,4.682,14.0
60.763,4.248,4.26,24.0
60.808,4.247,3.911,11.0
77.683,5.42,4.549,31.0
58.734,4.104,5.054,14.0
58.244,4.065,4.673,32.0
61.612,4.295,4.585,20.0
60.702,4.226,4.16,22.0
77.682,5.402,4.873,14.0
78.027,5.421,4.445,26.0
58.658,4.08,4.954,21.0
58.126,4.038,4.571,31.0
61.546,4.27,4.482,11.0
77.98,5.403,5.22,7.0
77.755,5.381,4.755,10.0
78.731,5.442,4.36,26.0
58.607,4.055,4.855,25.0
61.624,4.259,4.746,7.0
60.985,4.208,4.344,19.0
77.958,5.372,5.094,12.0
77.649,5.345,4.625,23.0
78.663,5.407,4.231,24.0
58.548,4.028,4.756,26.0
61.545,4.228,4.643,12.0
60.518,4.151,4.215,18.0
80.377,5.506,5.124,25.0
78.515,5.371,4.552,23.0
78.62,5.371,4.104,16.0
58.183,3.977,4.633,25.0
61.549,4.201,4.544,16.0
78.174,5.327,5.319,10.0
80.035,5.446,4.975,31.0
78.818,5.356,4.445,21.0
80.46,5.459,4.073,36.0
58.09,3.944,4.534,20.0
61.156,4.144,4.419,21.0
80.574,5.451,5.355,16.0
80.009,5.405,4.846,32.0
78.723,5.31,4.314,13.0
80.804,5.441,3.962,28.0
58.254,3.923,4.453,6.0
60.552,4.071,4.277,12.0
80.555,5.407,5.223,28.0
80.055,5.364,4.719,9.0
78.521,5.252,4.175,8.0
80.843,5.399,3.833,7.0
64.789,4.327,4.847,6.0
80.823,5.388,5.579,9.0
80.618,5.365,5.098,31.0
79.974,5.312,4.587,31.0
80.945,5.368,4.175,35.0
0.0,0.0,0.0,0.0
61.571,4.074,4.507,10.0
80.8,5.337,5.446,26.0
80.443,5.303,4.956,27.0
79.952,5.261,4.456,25.0
80.907,5.313,4.042,32.0
0.0,0.0,0.0,0.0
80.875,5.299,5.789,8.0
80.621,5.271,5.303,33.0
80.467,5.25,4.827,27.0
80.862,5.266,4.376,25.0
80.864,5.256,3.909,15.0
0.0,0.0,0.0,0.0
68.17,4.419,4.768,21.0
80.76,5.224,5.182,35.0
80.808,5.216,4.717,28.0
80.819,5.205,4.242,30.0
0.0,0.0,0.0,0.0
0.0,0.0,0.0,0.0
80.663,5.169,5.511,15.0
80.814,5.167,5.053,29.0
80.907,5.161,4.591,22.0
80.917,5.151,4.116,34.0
0.0,0.0,0.0,0.0
0.0,0.0,0.0,0.0
58.571,3.708,3.907,10.0
58.671,3.705,3.574,10.0
80.882,5.097,4.461,18.0
58.693,3.689,2.892,20.0
0.0,0.0,0.0,0.0
47.913,2.998,1.809,1.0
58.539,3.658,3.811,23.0
58.566,3.65,3.474,40.0
58.642,3.646,3.14,29.0
58.659,3.638,2.796,5.0
0.0,0.0,0.0,0.0
47.576,2.937,1.72,4.0
58.53,3.607,3.716,47.0
58.586,3.601,3.381,55.0
58.648,3.595,3.046,54.0
0.0,0.0,0.0,0.0
0.0,0.0,0.0,0.0
47.417,2.885,1.639,8.0
58.54,3.555,3.623,45.0
58.606,3.549,3.288,50.0
58.644,3.542,2.952,56.0
0.0,0.0,0.0,0.0
48.205,2.896,1.867,0.0
47.28,2.833,1.559,12.0
58.556,3.5,3.53,51.0
58.612,3.493,3.195,31.0
58.659,3.487,2.859,20.0
0.0,0.0,0.0,0.0
47.764,2.823,1.774,2.0
47.204,2.782,1.481,32.0
58.59,3.445,3.439,37.0
58.673,3.44,3.106,20.0
0.0,0.0,0.0,0.0
0.0,0.0,0.0,0.0
47.486,2.759,1.688,5.0
47.206,2.735,1.407,39.0
58.658,3.389,3.351,24.0
81.054,4.668,4.162,25.0
0.0,0.0,0.0,0.0
0.0,0.0,0.0,0.0
47.35,2.702,1.609,9.0
47.237,2.687,1.334,32.0
80.614,4.572,4.479,28.0
81.058,4.582,4.036,20.0
0.0,0.0,0.0,0.0
47.955,2.693,1.83,1.0
47.261,2.645,1.532,11.0
47.257,2.637,1.261,35.0
80.903,4.499,4.368,28.0
81.028,4.49,3.908,2.0
0.0,0.0,0.0,0.0
47.635,2.621,1.744,3.0
47.255,2.592,1.459,13.0
47.265,2.584,1.188,14.0
81.088,4.417,4.253,35.0
0.0,0.0,0.0,0.0
0.0,0.0,0.0,0.0
47.519,2.56,1.667,39.0
47.289,2.539,1.387,20.0
47.296,2.53,1.116,2.0
81.031,4.318,4.125,26.0
0.0,0.0,0.0,0.0
48.171,2.548,1.898,1.0
47.46,2.501,1.593,12.0
47.306,2.483,1.316,20.0
47.262,2.472,1.044,3.0
81.011,4.219,4.001,11.0
0.0,0.0,0.0,0.0
47.829,2.471,1.813,3.0
47.344,2.437,1.518,9.0
47.331,2.426,1.245,20.0
47.383,2.42,0.975,1.0
0.0,0.0,0.0,0.0
0.0,0.0,0.0,0.0
47.583,2.399,1.732,43.0
47.39,2.379,1.449,11.0
47.345,2.367,1.176,19.0
47.627,2.371,0.909,0.0
0.0,0.0,0.0,0.0
0.0,0.0,0.0,0.0
47.69,2.342,1.665,109.0
47.32,2.314,1.376,1.0
47.362,2.305,1.106,14.0
50.273,2.436,0.885,4.0
0.0,0.0,0.0,0.0
48.199,2.313,1.888,1.0
47.496,2.269,1.588,11.0
47.474,2.257,1.311,0.0
47.413,2.244,1.038,1.0
44.094,2.077,0.712,0.0
0.0,0.0,0.0,0.0
47.844,2.23,1.804,3.0
47.504,2.204,1.519,13.0
47.444,2.19,1.241,18.0
47.721,2.192,0.975,0.0
0.0,0.0,0.0,0.0
48.642,2.211,2.044,9.0
47.839,2.163,1.736,4.0
47.594,2.141,1.454,5.0
47.589,2.13,1.177,1.0
47.839,2.13,0.909,0.0
38.445,1.703,0.51,0.0
48.568,2.137,1.971,0.0
47.964,2.099,1.672,2.0
48.066,2.093,1.4,1.0
48.076,2.082,1.121,0.0
47.811,2.059,0.841,0.0
36.163,1.549,0.429,0.0
48.7,2.072,1.909,2.0
48.216,2.039,1.613,2.0
48.395,2.035,1.342,17.0
48.569,2.031,1.064,0.0
45.924,1.909,0.744,0.0
34.358,1.42,0.36,0.0
48.854,2.005,1.847,2.0
48.663,1.985,1.561,3.0
48.811,1.979,1.287,2.0
0.0,0.0,0.0,0.0
0.0,0.0,0.0,0.0
33.22,1.322,0.303,1.0
49.228,1.944,1.794,1.0
49.136,1.929,1.51,2.0
49.188,1.918,1.23,1.0
0.0,0.0,0.0,0.0
0.0,0.0,0.0,0.0
32.024,1.225,0.249,0.0
49.593,1.881,1.741,3.0
49.722,1.873,1.462,2.0
49.827,1.865,1.18,0.0
47.373,1.761,0.847,0.0
36.761,1.357,0.447,0.0
30.767,1.128,0.199,0.0
50.052,1.819,1.691,2.0
50.19,1.811,1.409,2.0
50.364,1.804,1.127,0.0
44.756,1.591,0.741,0.0
34.618,1.222,0.376,0.0
28.955,1.014,0.149,0.0
50.524,1.754,1.642,3.0
0.0,0.0,0.0,0.0
50.642,1.731,1.068,0.0
0.0,0.0,0.0,0.0
33.72,1.134,0.323,1.0
28.831,0.963,0.112,1.0
51.201,1.693,1.6,11.0
0.0,0.0,0.0,0.0
0.0,0.0,0.0,0.0
39.522,1.275,0.555,0.0
32.224,1.031,0.269,0.0
28.552,0.906,0.076,1.0
54.082,1.698,1.623,4.0
54.303,1.69,1.321,4.0
0.0,0.0,0.0,0.0
36.951,1.13,0.474,0.0
31.149,0.944,0.222,0.0
27.388,0.822,0.04,0.0
54.101,1.606,1.558,4.0
54.513,1.603,1.26,0.0
45.877,1.337,0.799,0.0
35.597,1.027,0.414,1.0
28.999,0.828,0.172,2.0
26.832,0.759,0.007,0.0
54.064,1.51,1.493,5.0
56.43,1.561,1.237,5.0
0.0,0.0,0.0,0.0
34.537,0.935,0.361,0.0
28.934,0.775,0.138,5.0
26.248,0.696,-0.023,0.0
54.002,1.413,1.429,1.0
56.986,1.475,1.184,4.0
0.0,0.0,0.0,0.0
33.189,0.84,0.309,0.0
28.854,0.722,0.105,4.0
25.468,0.629,-0.051,0.0
54.39,1.326,1.378,0.0
0.0,0.0,0.0,0.0
38.612,0.918,0.539,0.0
32.125,0.755,0.263,0.0
28.671,0.665,0.072,1.0
25.08,0.575,-0.078,0.0
54.555,1.232,1.322,0.0
47.855,1.066,0.888,0.0
36.923,0.811,0.475,0.0
31.405,0.681,0.223,0.0
27.256,0.583,0.039,0.0
24.528,0.517,-0.103,0.0
54.601,1.132,1.265,1.0
0.0,0.0,0.0,0.0
0.0,0.0,0.0,0.0
29.109,0.577,0.176,0.0
26.762,0.522,0.01,0.0
23.75,0.457,-0.124,0.0
0.0,0.0,0.0,0.0
0.0,0.0,0.0,0.0
0.0,0.0,0.0,0.0
28.825,0.517,0.145,0.0
26.322,0.464,-0.016,0.0
23.4,0.406,-0.146,0.0
0.0,0.0,0.0,0.0
0.0,0.0,0.0,0.0
33.667,0.551,0.33,0.0
28.824,0.463,0.116,4.0
25.725,0.405,-0.041,0.0
22.854,0.353,-0.166,0.0
0.0,0.0,0.0,0.0
40.482,0.598,0.586,0.0
32.836,0.474,0.29,0.0
28.754,0.406,0.088,3.0
25.291,0.349,-0.064,0.0
22.135,0.299,-0.181,0.0
46.697,0.614,0.896,0.0
37.317,0.479,0.505,0.0
31.916,0.399,0.252,0.0
28.369,0.346,0.06,1.0
24.958,0.296,-0.087,0.0
21.901,0.253,-0.2,2.0
0.0,0.0,0.0,0.0
36.398,0.396,0.46,0.0
28.93,0.305,0.202,0.0
27.305,0.279,0.034,0.0
24.357,0.241,-0.106,0.0
21.467,0.205,-0.215,2.0
0.0,0.0,0.0,0.0
0.0,0.0,0.0,0.0
28.895,0.248,0.176,0.0
26.791,0.221,0.01,0.0
23.852,0.189,-0.125,0.0
20.819,0.158,-0.226,0.0
0.0,0.0,0.0,0.0
34.158,0.237,0.373,0.0
28.869,0.19,0.152,0.0
26.498,0.166,-0.011,0.0
23.212,0.138,-0.14,0.0
20.329,0.113,-0.238,0.0
0.0,0.0,0.0,0.0
0.0,0.0,0.0,0.0
28.772,0.132,0.129,0.0
25.899,0.111,-0.031,0.0
23.113,0.091,-0.158,1.0
19.994,0.072,-0.249,0.0
0.0,0.0,0.0,0.0
0.0,0.0,0.0,0.0
28.699,0.074,0.107,2.0
25.58,0.057,-0.05,0.0
22.612,0.043,-0.172,0.0
19.424,0.03,-0.257,0.0
0.0,0.0,0.0,0.0
33.113,0.029,0.285,0.0
28.608,0.016,0.085,1.0
25.324,0.005,-0.068,0.0
21.98,-0.002,-0.183,0.0
19.316,-0.008,-0.269,0.0
0.0,0.0,0.0,0.0
31.549,-0.035,0.25,0.0
28.45,-0.041,0.065,1.0
24.932,-0.044,-0.084,0.0
21.775,-0.046,-0.196,0.0
19.171,-0.047,-0.28,0.0
36.525,-0.102,0.47,0.0
31.368,-0.098,0.228,0.0
27.684,-0.096,0.046,0.0
24.499,-0.094,-0.098,0.0
21.609,-0.09,-0.208,1.0
18.595,-0.084,-0.283,0.0
36.2,-0.175,0.443,0.0
30.862,-0.16,0.205,1.0
27.2,-0.151,0.028,0.0
24.205,-0.142,-0.112,0.0
21.191,-0.132,-0.217,0.0
18.35,-0.121,-0.291,0.0
0.0,0.0,0.0,0.0
28.938,-0.211,0.175,0.0
26.708,-0.203,0.012,0.0
23.926,-0.191,-0.125,1.0
20.668,-0.172,-0.223,0.0
18.198,-0.158,-0.299,0.0
34.221,-0.308,0.379,0.0
28.853,-0.27,0.158,2.0
26.564,-0.258,-0.002,0.0
23.728,-0.238,-0.137,0.0
20.358,-0.212,-0.231,0.0
18.002,-0.194,-0.305,0.0
33.708,-0.374,0.356,0.0
28.78,-0.329,0.143,0.0
26.276,-0.31,-0.015,0.0
23.173,-0.281,-0.145,1.0
20.171,-0.252,-0.239,0.0
17.789,-0.229,-0.31,0.0
33.565,-0.442,0.338,1.0
28.724,-0.388,0.129,0.0
25.9,-0.359,-0.027,0.0
23.259,-0.331,-0.157,1.0
20.045,-0.292,-0.247,0.0
17.672,-0.264,-0.316,0.0
33.043,-0.504,0.318,0.0
28.667,-0.447,0.116,0.0
25.821,-0.412,-0.038,0.0
22.915,-0.374,-0.164,0.0
19.76,-0.33,-0.252,0.0
17.484,-0.298,-0.32,0.0
33.243,-0.576,0.307,2.0
28.623,-0.506,0.105,1.0
25.471,-0.459,-0.048,0.0
22.693,-0.418,-0.171,0.0
19.476,-0.365,-0.255,0.0
17.301,-0.331,-0.323,0.0
33.087,-0.643,0.293,1.0
28.652,-0.567,0.094,5.0
24.982,-0.503,-0.056,0.0
22.448,-0.46,-0.177,0.0
19.47,-0.406,-0.262,0.0
17.263,-0.366,-0.328,0.0
32.715,-0.704,0.279,1.0
28.605,-0.626,0.085,5.0
25.131,-0.559,-0.064,0.0
22.307,-0.504,-0.183,0.0
19.276,-0.443,-0.265,0.0
17.14,-0.4,-0.331,0.0
32.562,-0.769,0.268,1.0
28.533,-0.684,0.076,5.0
25.06,-0.61,-0.071,0.0
22.214,-0.549,-0.189,0.0
19.144,-0.48,-0.269,0.0
17.077,-0.435,-0.335,0.0
31.651,-0.814,0.252,0.0
28.45,-0.742,0.069,3.0
25.037,-0.662,-0.077,0.0
22.176,-0.594,-0.194,0.0
19.094,-0.519,-0.273,0.0
17.002,-0.468,-0.337,0.0
31.579,-0.878,0.245,0.0
28.153,-0.792,0.062,0.0
0.0,0.0,0.0,0.0
21.509,-0.621,-0.192,0.0
18.939,-0.554,-0.274,0.0
16.96,-0.503,-0.339,0.0
31.278,-0.935,0.237,0.0
27.878,-0.844,0.057,0.0
24.713,-0.757,-0.086,0.0
21.294,-0.66,-0.194,0.0
19.005,-0.596,-0.278,0.0
16.923,-0.537,-0.341,0.0
0.0,0.0,0.0,0.0
27.725,-0.897,0.052,0.0
24.379,-0.797,-0.088,0.0
21.521,-0.712,-0.199,2.0
18.964,-0.635,-0.28,0.0
16.897,-0.571,-0.343,0.0
31.264,-1.065,0.229,0.0
28.02,-0.964,0.05,0.0
24.694,-0.859,-0.091,0.0
21.39,-0.752,-0.199,1.0
18.885,-0.671,-0.28,0.0
16.887,-0.606,-0.344,0.0
31.289,-1.131,0.227,0.0
28.201,-1.03,0.049,1.0
24.507,-0.904,-0.092,0.0
21.234,-0.792,-0.199,1.0
18.821,-0.708,-0.28,0.0
16.908,-0.643,-0.345,0.0
0.0,0.0,0.0,0.0
28.12,-1.085,0.048,1.0
24.672,-0.961,-0.093,0.0
21.549,-0.847,-0.202,1.0
18.884,-0.75,-0.281,0.0
16.878,-0.676,-0.344,0.0
31.152,-1.255,0.225,0.0
28.208,-1.147,0.048,1.0
24.457,-1.004,-0.092,0.0
21.503,-0.89,-0.201,1.0
18.864,-0.788,-0.28,0.0
16.919,-0.713,-0.344,0.0
31.339,-1.327,0.228,0.0
28.358,-1.211,0.05,1.0
24.159,-1.041,-0.089,0.0
21.508,-0.934,-0.2,1.0
18.923,-0.829,-0.28,0.0
16.934,-0.748,-0.344,0.0
31.368,-1.392,0.231,0.0
28.061,-1.256,0.052,1.0
24.538,-1.107,-0.088,0.0
21.537,-0.98,-0.198,1.0
18.948,-0.869,-0.278,0.0
16.981,-0.785,-0.343,0.0
31.643,-1.469,0.236,0.0
27.719,-1.297,0.055,3.0
24.648,-1.162,-0.086,0.0
22.107,-1.051,-0.2,0.0
19.047,-0.912,-0.277,0.0
17.018,-0.821,-0.341,0.0
31.612,-1.532,0.241,0.0
27.925,-1.364,0.06,7.0
25.049,-1.232,-0.083,0.0
22.125,-1.096,-0.197,1.0
19.05,-0.951,-0.274,0.0
17.126,-0.862,-0.34,0.0
31.278,-1.579,0.245,0.0
28.095,-1.428,0.066,5.0
24.8,-1.27,-0.077,0.0
22.304,-1.15,-0.193,1.0
19.066,-0.99,-0.27,0.0
17.132,-0.896,-0.336,0.0
31.924,-1.675,0.257,0.0
28.406,-1.501,0.073,7.0
34.27,-1.823,-0.098,0.0
22.422,-1.201,-0.189,0.0
19.074,-1.028,-0.265,0.0
17.234,-0.936,-0.334,0.0
32.413,-1.765,0.269,0.0
28.498,-1.562,0.081,7.0
34.238,-1.889,-0.089,8.0
34.24,-1.902,-0.279,1.0
34.206,-1.913,-0.466,1.0
17.319,-0.975,-0.33,0.0
32.449,-1.831,0.279,0.0
28.505,-1.619,0.09,7.0
34.151,-1.952,-0.078,0.0
22.535,-1.296,-0.176,0.0
19.475,-1.127,-0.259,0.0
17.411,-1.014,-0.326,0.0
33.207,-1.939,0.297,0.0
28.506,-1.674,0.1,7.0
0.0,0.0,0.0,0.0
22.767,-1.354,-0.17,0.0
19.627,-1.174,-0.254,0.0
17.475,-1.052,-0.321,0.0
32.285,-1.948,0.301,1.0
28.508,-1.73,0.11,12.0
25.743,-1.571,-0.04,0.0
23.012,-1.413,-0.163,0.0
19.803,-1.223,-0.248,0.0
17.65,-1.097,-0.317,0.0
33.474,-2.084,0.326,0.0
28.39,-1.778,0.122,0.0
26.037,-1.64,-0.029,0.0
23.218,-1.47,-0.154,0.0
20.018,-1.275,-0.242,0.0
17.828,-1.142,-0.313,0.0
33.306,-2.137,0.339,0.0
0.0,0.0,0.0,0.0
26.404,-1.712,-0.017,0.0
23.465,-1.53,-0.145,0.0
20.341,-1.333,-0.237,0.0
17.975,-1.185,-0.307,0.0
34.088,-2.251,0.363,1.0
29.937,-1.987,0.156,0.0
26.737,-1.784,-0.005,0.0
23.595,-1.582,-0.135,0.0
20.644,-1.392,-0.23,0.0
18.112,-1.227,-0.3,0.0
34.515,-2.343,0.385,1.0
30.43,-2.076,0.174,0.0
0.0,0.0,0.0,0.0
23.888,-1.646,-0.124,0.0
21.061,-1.459,-0.223,0.0
18.36,-1.278,-0.294,0.0
35.542,-2.478,0.416,1.0
30.521,-2.138,0.192,0.0
33.913,-2.387,0.029,1.0
33.909,-2.399,-0.157,3.0
33.858,-2.407,-0.34,2.0
18.666,-1.333,-0.288,0.0
36.033,-2.577,0.443,1.0
31.431,-2.259,0.216,0.0
33.908,-2.448,0.049,2.0
33.888,-2.458,-0.137,3.0
33.915,-2.472,-0.321,3.0
18.855,-1.38,-0.28,0.0
37.112,-2.72,0.478,1.0
32.025,-2.358,0.239,0.0
33.898,-2.508,0.07,5.0
33.885,-2.518,-0.116,10.0
33.904,-2.531,-0.299,18.0
19.236,-1.442,-0.273,0.0
38.125,-2.862,0.516,1.0
32.177,-2.426,0.261,0.0
33.9,-2.567,0.092,1.0
33.877,-2.577,-0.093,3.0
33.883,-2.588,-0.276,6.0
19.464,-1.493,-0.264,0.0
34.406,-2.643,0.489,1.0
32.63,-2.516,0.287,0.0
33.931,-2.628,0.115,1.0
33.871,-2.634,-0.07,0.0
33.878,-2.646,-0.253,4.0
19.866,-1.558,-0.255,0.0
34.316,-2.694,0.512,5.0
0.0,0.0,0.0,0.0
33.892,-2.683,0.139,0.0
33.862,-2.691,-0.046,0.0
33.868,-2.702,-0.229,8.0
33.84,-2.711,-0.411,1.0
34.21,-2.743,0.535,4.0
0.0,0.0,0.0,0.0
29.901,-2.416,0.145,0.0
33.866,-2.747,-0.021,1.0
33.862,-2.757,-0.203,4.0
33.86,-2.768,-0.386,3.0
34.059,-2.786,0.558,3.0
0.0,0.0,0.0,0.0
30.213,-2.49,0.17,0.0
33.846,-2.8,0.004,0.0
33.838,-2.81,-0.177,4.0
33.859,-2.823,-0.36,4.0
33.93,-2.831,0.583,2.0
0.0,0.0,0.0,0.0
30.874,-2.594,0.198,0.0
27.323,-2.304,0.025,0.0
33.855,-2.865,-0.15,0.0
21.504,-1.827,-0.211,1.0
33.87,-2.879,0.609,1.0
0.0,0.0,0.0,0.0
31.553,-2.701,0.228,0.0
28.209,-2.423,0.049,0.0
24.909,-2.147,-0.089,0.0
21.979,-1.901,-0.197,0.0
33.795,-2.925,0.636,4.0
34.382,-2.986,0.463,1.0
32.09,-2.796,0.259,0.0
28.579,-2.498,0.074,0.0
25.483,-2.235,-0.07,0.0
22.573,-1.987,-0.183,0.0
33.801,-2.977,0.666,1.0
34.342,-3.034,0.492,2.0
32.87,-2.913,0.294,0.0
29.072,-2.585,0.101,0.0
25.918,-2.312,-0.048,0.0
23.023,-2.06,-0.166,1.0
33.791,-3.026,0.696,0.0
34.249,-3.076,0.521,5.0
0.0,0.0,0.0,0.0
29.468,-2.663,0.129,0.0
26.345,-2.388,-0.025,0.0
23.324,-2.121,-0.147,1.0
33.805,-3.076,0.727,7.0
34.098,-3.112,0.55,2.0
0.0,0.0,0.0,0.0
30.102,-2.764,0.16,0.0
27.167,-2.502,0.0,0.0
23.629,-2.183,-0.127,0.0
33.838,-3.127,0.76,150.0
33.944,-3.146,0.58,1.0
0.0,0.0,0.0,0.0
31.034,-2.893,0.195,0.0
27.839,-2.602,0.025,0.0
24.959,-2.34,-0.11,0.0
33.782,-3.169,0.791,2.0
33.811,-3.18,0.611,0.0
34.561,-3.259,0.439,0.0
31.604,-2.989,0.229,0.0
28.346,-2.688,0.054,0.0
25.36,-2.412,-0.087,0.0
33.809,-3.217,0.825,6.0
33.779,-3.222,0.644,0.0
34.601,-3.309,0.474,3.0
0.0,0.0,0.0,0.0
28.934,-2.782,0.084,3.0
25.581,-2.466,-0.062,0.0
33.825,-3.262,0.859,6.0
33.814,-3.269,0.679,0.0
34.579,-3.352,0.509,4.0
34.057,-3.31,0.316,0.0
29.887,-2.912,0.117,1.0
26.242,-2.563,-0.036,0.0
33.861,-3.309,0.895,6.0
0.0,0.0,0.0,0.0
34.28,-3.366,0.54,2.0
34.585,-3.404,0.356,0.0
30.462,-3.005,0.151,1.0
33.976,-3.36,-0.012,0.0
33.877,-3.352,0.931,5.0
33.854,-3.357,0.75,1.0
34.036,-3.383,0.572,0.0
34.499,-3.437,0.392,0.0
31.002,-3.096,0.186,2.0
34.029,-3.406,0.023,2.0
33.947,-3.399,0.969,151.0
33.904,-3.402,0.787,2.0
33.97,-3.417,0.607,0.0
34.342,-3.461,0.427,0.0
31.679,-3.2,0.225,0.0
34.018,-3.444,0.06,1.0
33.93,-3.437,1.006,171.0
33.936,-3.444,0.825,2.0
33.964,-3.454,0.644,0.0
34.315,-3.497,0.464,0.0
32.965,-3.367,0.27,0.0
29.346,-3.004,0.084,1.0
33.949,-3.476,1.044,44.0
33.98,-3.486,0.863,1.0
33.989,-3.494,0.682,0.0
34.37,-3.54,0.503,0.0
34.122,-3.522,0.317,0.0
29.841,-3.086,0.118,8.0
34.03,-3.521,1.084,0.0
34.095,-3.534,0.904,0.0
34.115,-3.543,0.723,0.0
34.3,-3.569,0.54,0.0
34.439,-3.59,0.359,0.0
30.276,-3.162,0.155,1.0
34.212,-3.575,1.129,0.0
34.127,-3.573,0.944,0.0
34.274,-3.594,0.765,0.0
34.353,-3.609,0.58,2.0
34.571,-3.638,0.4,0.0
28.126,-2.965,0.175,1.0
34.379,-3.626,1.174,0.0
34.337,-3.628,0.989,0.0
34.863,-3.69,0.819,0.0
35.012,-3.712,0.632,2.0
37.431,-3.975,0.476,0.0
28.084,-2.987,0.208,1.0
35.498,-3.778,1.253,0.0
34.958,-3.726,1.048,1.0
35.242,-3.762,0.868,1.0
36.487,-3.902,0.701,25.0
37.379,-4.004,0.519,0.0
29.202,-3.133,0.25,1.0
36.708,-3.94,1.339,0.0
35.878,-3.857,1.117,3.0
36.16,-3.893,0.934,0.0
36.719,-3.959,0.749,1.0
37.329,-4.031,0.562,0.0
29.982,-3.242,0.292,4.0
36.567,-3.956,1.377,0.0
36.597,-3.965,1.183,1.0
36.663,-3.977,0.99,0.0
37.032,-4.023,0.799,1.0
37.35,-4.064,0.607,2.0
29.606,-3.226,0.323,1.0
36.549,-3.984,1.42,0.0
37.395,-4.082,1.254,0.0
37.174,-4.063,1.048,0.0
37.81,-4.137,0.861,0.0
37.849,-4.147,0.66,0.0
29.776,-3.267,0.361,1.0
153.761,-16.882,6.161,3.0
0.0,0.0,0.0,0.0
37.87,-4.167,1.114,2.0
38.004,-4.187,0.911,0.0
0.0,0.0,0.0,0.0
39.715,-4.387,0.53,0.0
153.602,-16.978,6.343,11.0
145.492,-16.099,5.233,5.0
0.0,0.0,0.0,0.0
0.0,0.0,0.0,0.0
0.0,0.0,0.0,0.0
31.871,-3.542,0.464,1.0
153.655,-17.089,6.533,8.0
0.0,0.0,0.0,0.0
0.0,0.0,0.0,0.0
0.0,0.0,0.0,0.0
0.0,0.0,0.0,0.0
0.0,0.0,0.0,0.0
153.917,-17.218,6.733,3.0
153.61,-17.198,5.903,6.0
118.781,-13.311,3.93,2.0
0.0,0.0,0.0,0.0
0.0,0.0,0.0,0.0
0.0,0.0,0.0,0.0
22.413,-2.52,1.008,0.0
153.867,-17.318,6.102,5.0
0.0,0.0,0.0,0.0
0.0,0.0,0.0,0.0
0.0,0.0,0.0,0.0
47.901,-5.409,0.874,0.0
22.282,-2.518,1.03,2.0
22.291,-2.521,0.911,2.0
22.301,-2.524,0.793,0.0
0.0,0.0,0.0,0.0
0.0,0.0,0.0,0.0
0.0,0.0,0.0,0.0
22.243,-2.525,1.055,7.0
22.258,-2.528,0.937,6.0
98.485,-11.194,3.623,22.0
0.0,0.0,0.0,0.0
98.488,-11.208,2.565,2.0
0.0,0.0,0.0,0.0
22.206,-2.531,1.081,10.0
22.217,-2.533,0.963,8.0
22.253,-2.539,0.846,7.0
22.274,-2.542,0.726,0.0
98.533,-11.255,2.689,9.0
22.462,-2.567,0.493,0.0
22.177,-2.537,1.107,11.0
22.189,-2.539,0.99,10.0
22.226,-2.544,0.873,11.0
22.288,-2.553,0.754,4.0
98.518,-11.291,2.81,11.0
22.481,-2.578,0.521,2.0
22.16,-2.543,1.134,12.0
22.177,-2.546,1.016,11.0
22.206,-2.55,0.899,11.0
22.251,-2.556,0.781,10.0
22.416,-2.576,0.667,2.0
22.45,-2.581,0.549,2.0
22.146,-2.548,1.161,14.0
22.164,-2.551,1.044,13.0
22.192,-2.555,0.926,10.0
22.211,-2.558,0.807,11.0
22.373,-2.577,0.693,8.0
22.431,-2.585,0.575,6.0
22.146,-2.555,1.188,15.0
22.154,-2.556,1.07,14.0
22.181,-2.559,0.953,11.0
22.188,-2.561,0.833,11.0
22.307,-2.575,0.718,13.0
22.409,-2.588,0.602,9.0
22.144,-2.559,1.216,15.0
22.147,-2.56,1.097,18.0
22.154,-2.561,0.979,11.0
22.184,-2.565,0.86,12.0
22.24,-2.572,0.744,16.0
22.403,-2.591,0.63,10.0
22.142,-2.563,1.243,13.0
22.141,-2.563,1.124,19.0
22.157,-2.565,1.007,12.0
22.18,-2.568,0.887,12.0
22.223,-2.573,0.77,17.0
22.376,-2.591,0.656,11.0
22.163,-2.569,1.271,10.0
22.139,-2.566,1.151,20.0
22.154,-2.567,1.033,13.0
22.16,-2.568,0.913,12.0
22.204,-2.573,0.796,14.0
22.285,-2.582,0.68,12.0
22.206,-2.576,1.301,8.0
22.141,-2.568,1.178,19.0
22.149,-2.568,1.06,16.0
22.162,-2.569,0.94,12.0
22.19,-2.573,0.822,12.0
22.257,-2.58,0.706,16.0
22.232,-2.58,1.329,11.0
22.134,-2.568,1.205,18.0
22.134,-2.567,1.086,18.0
22.155,-2.569,0.966,12.0
22.18,-2.572,0.849,12.0
22.241,-2.578,0.732,16.0
22.243,-2.581,1.356,14.0
22.135,-2.568,1.231,14.0
22.143,-2.568,1.112,20.0
22.143,-2.567,0.992,12.0
22.173,-2.57,0.874,12.0
22.225,-2.575,0.758,17.0
22.227,-2.579,1.381,17.0
22.137,-2.567,1.257,11.0
22.139,-2.566,1.138,19.0
22.142,-2.565,1.018,12.0
22.17,-2.568,0.9,11.0
22.215,-2.572,0.783,17.0
22.219,-2.576,1.407,19.0
22.201,-2.572,1.287,8.0
22.131,-2.563,1.164,19.0
22.15,-2.564,1.044,14.0
22.17,-2.565,0.926,11.0
22.202,-2.568,0.808,12.0
22.208,-2.571,1.432,21.0
22.242,-2.574,1.315,9.0
22.135,-2.56,1.189,16.0
22.138,-2.559,1.069,15.0
22.166,-2.561,0.951,11.0
22.192,-2.563,0.834,11.0
22.191,-2.566,1.457,23.0
22.261,-2.572,1.342,7.0
22.145,-2.557,1.215,12.0
22.144,-2.555,1.094,16.0
22.169,-2.556,0.977,11.0
22.199,-2.558,0.859,11.0
22.188,-2.56,1.482,23.0
22.249,-2.565,1.366,4.0
22.182,-2.556,1.243,8.0
22.153,-2.55,1.12,13.0
22.167,-2.55,1.002,11.0
22.206,-2.553,0.885,11.0
22.194,-2.555,1.507,23.0
22.246,-2.559,1.391,9.0
22.262,-2.559,1.272,6.0
22.143,-2.543,1.144,11.0
22.172,-2.544,1.027,11.0
22.209,-2.546,0.909,10.0
22.192,-2.548,1.532,23.0
22.207,-2.547,1.413,15.0
22.32,-2.558,1.3,3.0
22.176,-2.539,1.17,7.0
22.187,-2.538,1.051,11.0
22.215,-2.539,0.933,10.0
22.186,-2.54,1.556,20.0
22.203,-2.539,1.437,20.0
159.806,-18.257,9.485,9.0
22.246,-2.539,1.198,4.0
22.21,-2.532,1.076,9.0
22.235,-2.533,0.958,7.0
22.182,-2.531,1.579,14.0
22.203,-2.53,1.461,20.0
159.885,-18.202,9.657,12.0
22.303,-2.536,1.224,2.0
22.262,-2.529,1.102,4.0
22.282,-2.529,0.983,3.0
22.195,-2.522,1.603,8.0
22.202,-2.52,1.484,18.0
22.261,-2.524,1.367,0.0
22.418,-2.539,1.254,0.0
22.321,-2.525,1.128,2.0
22.279,-2.517,1.006,0.0
22.245,-2.517,1.63,3.0
22.2,-2.509,1.507,16.0
22.262,-2.513,1.39,3.0
160.201,-18.063,9.125,4.0
158.745,-17.877,8.186,7.0
164.282,-18.481,7.584,5.0
22.283,-2.51,1.655,0.0
22.209,-2.498,1.529,15.0
22.254,-2.5,1.412,4.0
159.394,-17.885,9.236,16.0
158.723,-17.788,8.34,20.0
164.337,-18.394,7.748,7.0
142.899,-16.018,10.758,13.0
22.225,-2.487,1.552,13.0
22.257,-2.487,1.434,4.0
159.47,-17.799,9.397,19.0
159.212,-17.747,8.521,18.0
159.362,-17.74,7.669,10.0
142.91,-15.933,10.897,17.0
22.241,-2.475,1.575,3.0
22.259,-2.474,1.455,4.0
159.754,-17.731,9.566,14.0
159.228,-17.647,8.672,15.0
159.386,-17.64,7.819,13.0
143.14,-15.866,11.051,6.0
143.462,-15.876,10.295,13.0
22.267,-2.46,1.477,0.0
159.929,-17.643,9.724,17.0
159.359,-17.554,8.826,16.0
159.37,-17.529,7.964,19.0
144.83,-15.955,11.313,4.0
143.329,-15.762,10.416,16.0
142.685,-15.665,9.594,13.0
160.065,-17.545,9.876,14.0
159.266,-17.43,8.963,18.0
159.4,-17.418,8.107,19.0
144.156,-15.774,11.392,4.0
142.971,-15.618,10.518,18.0
142.794,-15.572,9.727,21.0
160.209,-17.442,10.025,6.0
159.836,-17.373,9.132,13.0
159.599,-17.318,8.254,15.0
141.355,-15.361,11.291,12.0
142.938,-15.505,10.636,20.0
143.113,-15.496,9.87,15.0
174.554,-18.865,11.071,7.0
159.814,-17.242,9.268,12.0
158.924,-17.118,8.352,14.0
153.023,-16.507,12.351,3.0
143.117,-15.408,10.77,20.0
142.903,-15.356,9.974,18.0
174.535,-18.721,11.211,18.0
160.146,-17.147,9.416,15.0
159.086,-17.004,8.487,18.0
142.87,-15.293,11.646,14.0
143.151,-15.292,10.887,18.0
142.904,-15.235,10.088,25.0
174.714,-18.59,11.362,18.0
160.065,-17.0,9.536,12.0
159.181,-16.873,8.618,16.0
142.771,-15.157,11.75,20.0
143.392,-15.191,11.016,16.0
142.981,-15.115,10.204,23.0
174.997,-18.462,11.515,22.0
160.24,-16.872,9.669,9.0
158.599,-16.668,8.704,14.0
142.905,-15.04,11.869,16.0
142.492,-14.964,11.054,8.0
142.938,-14.979,10.306,20.0
175.246,-18.327,11.657,23.0
160.029,-16.701,9.771,11.0
158.427,-16.501,8.808,15.0
142.949,-14.911,11.975,8.0
142.513,-14.831,11.157,12.0
143.019,-14.852,10.411,18.0
175.587,-18.193,11.804,19.0
160.207,-16.564,9.894,14.0
158.473,-16.351,8.919,8.0
142.979,-14.773,12.076,8.0
142.319,-14.671,11.238,12.0
142.753,-14.683,10.488,15.0
175.856,-18.047,11.937,17.0
160.127,-16.397,9.993,14.0
160.039,-16.352,9.112,15.0
142.667,-14.598,12.142,18.0
143.131,-14.61,11.394,17.0
142.836,-14.545,10.586,11.0
143.352,-14.563,9.823,17.0
176.214,-17.861,11.107,13.0
160.081,-16.189,9.213,13.0
142.711,-14.451,12.237,15.0
143.057,-14.45,11.478,23.0
142.49,-14.359,10.647,8.0
143.564,-14.432,9.923,19.0
176.632,-17.714,11.239,15.0
160.107,-16.02,9.308,15.0
142.907,-14.318,12.336,13.0
142.765,-14.268,11.536,8.0
142.6,-14.215,10.736,10.0
143.661,-14.286,10.01,17.0
150.026,-14.882,9.628,19.0
160.312,-15.863,9.409,13.0
142.902,-14.159,12.415,15.0
142.639,-14.095,11.604,11.0
142.311,-14.027,10.791,10.0
143.579,-14.114,10.082,13.0
149.189,-14.63,9.653,18.0
160.176,-15.669,9.482,14.0
142.708,-13.977,12.472,18.0
145.005,-14.165,11.869,13.0
142.325,-13.865,10.863,6.0
143.638,-13.955,10.157,12.0
149.583,-14.496,9.752,5.0
149.52,-14.452,8.924,11.0
142.659,-13.806,12.536,9.0
144.941,-13.988,11.934,18.0
148.145,-14.257,11.377,4.0
143.643,-13.786,10.223,12.0
185.255,-17.732,12.162,7.0
149.589,-14.28,8.996,18.0
147.111,-14.06,12.993,5.0
146.786,-13.988,12.15,3.0
146.346,-13.907,11.301,6.0
153.724,-14.568,11.005,4.0
151.446,-14.312,10.005,13.0
170.107,-16.032,10.299,9.0
146.664,-13.839,13.012,7.0
0.0,0.0,0.0,0.0
148.059,-13.889,11.492,5.0
145.956,-13.653,10.504,7.0
151.488,-14.131,10.064,4.0
149.543,-13.91,9.109,16.0
146.807,-13.671,13.078,12.0
0.0,0.0,0.0,0.0
145.48,-13.466,11.343,7.0
146.202,-13.494,10.572,5.0
208.557,-19.192,13.925,6.0
149.401,-13.708,9.15,14.0
145.501,-13.365,13.01,6.0
146.627,-13.426,12.294,12.0
144.959,-13.233,11.348,4.0
146.538,-13.335,10.642,10.0
148.521,-13.475,9.962,13.0
149.243,-13.5,9.183,14.0
145.407,-13.166,13.045,13.0
0.0,0.0,0.0,0.0
144.713,-13.021,11.368,15.0
145.651,-13.063,10.618,10.0
151.937,-13.586,10.231,3.0
148.86,-13.271,9.197,10.0
145.694,-13.001,13.107,14.0
148.563,-13.213,12.535,5.0
144.652,-12.823,11.398,18.0
144.692,-12.785,10.58,15.0
147.206,-12.967,9.946,16.0
148.83,-13.069,9.228,13.0
145.663,-12.8,13.135,13.0
144.204,-12.629,12.197,10.0
144.921,-12.65,11.449,15.0
144.944,-12.61,10.627,10.0
151.911,-13.173,10.291,11.0
148.824,-12.865,9.253,17.0
145.73,-12.608,13.167,7.0
145.317,-12.53,12.314,10.0
145.243,-12.48,11.496,18.0
147.057,-12.594,10.803,3.0
145.989,-12.461,9.91,13.0
149.097,-12.684,9.291,11.0
145.053,-12.347,13.125,8.0
146.527,-12.428,12.437,5.0
145.255,-12.278,11.514,14.0
145.449,-12.252,10.701,12.0
146.134,-12.268,9.936,7.0
208.405,-17.436,13.008,10.0
145.117,-12.147,13.143,14.0
146.235,-12.198,12.423,14.0
146.398,-12.167,11.617,12.0
145.396,-12.04,10.708,12.0
147.783,-12.197,10.057,7.0
208.505,-17.15,13.026,18.0
145.347,-11.96,13.171,18.0
146.172,-11.981,12.425,14.0
146.764,-11.987,11.65,14.0
147.472,-12.002,10.865,6.0
147.529,-11.963,10.043,8.0
208.525,-16.851,13.028,20.0
145.229,-11.74,13.161,19.0
146.106,-11.765,12.419,8.0
88.679,-7.114,7.039,4.0
146.311,-11.695,10.777,4.0
151.341,-12.052,10.298,3.0
208.565,-16.548,13.027,22.0
145.332,-11.533,13.166,16.0
145.92,-11.537,12.396,17.0
88.667,-6.984,7.034,15.0
151.075,-11.854,11.12,7.0
155.368,-12.146,10.563,11.0
208.534,-16.243,13.01,23.0
118.967,-9.267,10.768,5.0
145.664,-11.303,12.362,20.0
88.767,-6.861,7.034,4.0
151.133,-11.635,11.109,11.0
155.152,-11.9,10.532,12.0
208.558,-15.935,12.987,5.0
147.179,-11.246,13.304,9.0
145.634,-11.085,12.341,16.0
88.704,-6.725,7.017,7.0
150.484,-11.363,11.041,6.0
155.133,-11.669,10.508,4.0
154.688,-11.59,9.608,3.0
119.164,-8.928,10.752,11.0
119.6,-8.924,10.115,8.0
88.634,-6.586,6.995,7.0
148.771,-11.009,10.887,5.0
122.618,-9.038,8.283,12.0
154.559,-11.348,9.57,14.0
119.062,-8.739,10.719,11.0
119.448,-8.732,10.077,10.0
88.659,-6.455,6.978,7.0
147.981,-10.73,10.797,7.0
122.56,-8.85,8.251,9.0
155.02,-11.148,9.562,12.0
88.479,-6.361,7.944,11.0
119.384,-8.544,10.042,10.0
88.745,-6.325,6.962,13.0
121.906,-8.653,8.861,11.0
122.291,-8.644,8.199,17.0
91.743,-6.458,5.633,1.0
88.532,-6.228,7.922,14.0
119.365,-8.361,10.005,17.0
88.768,-6.191,6.937,11.0
119.472,-8.295,8.647,10.0
122.074,-8.441,8.145,19.0
91.798,-6.321,5.607,9.0
88.53,-6.092,7.893,26.0
121.152,-8.299,10.112,5.0
88.691,-6.049,6.9,17.0
119.353,-8.105,8.597,9.0
121.903,-8.241,8.09,18.0
91.806,-6.18,5.574,4.0
88.662,-5.963,7.871,24.0
119.223,-7.982,9.906,13.0
88.429,-5.893,6.844,20.0
120.962,-8.024,8.665,11.0
121.892,-8.049,8.041,18.0
89.732,-5.9,5.411,17.0
88.853,-5.836,7.85,30.0
113.569,-7.425,9.387,8.0
88.513,-5.76,6.813,15.0
119.719,-7.755,8.522,13.0
89.409,-5.765,5.857,14.0
89.719,-5.759,5.37,8.0
88.831,-5.696,7.807,24.0
88.339,-5.637,7.26,6.0
88.856,-5.644,6.797,9.0
119.922,-7.581,8.479,11.0
89.485,-5.631,5.819,6.0
120.959,-7.578,7.181,9.0
89.399,-5.594,7.812,16.0
88.534,-5.512,7.231,18.0
89.032,-5.517,6.765,27.0
91.531,-5.644,6.424,11.0
89.649,-5.503,5.782,9.0
120.943,-7.388,7.115,5.0
92.691,-5.654,8.049,12.0
88.714,-5.385,7.196,22.0
89.035,-5.378,6.715,16.0
91.243,-5.485,6.352,8.0
91.611,-5.481,5.856,17.0
120.75,-7.189,7.034,8.0
92.683,-5.508,7.993,16.0
89.512,-5.293,7.208,17.0
89.374,-5.258,6.687,8.0
88.055,-5.154,6.077,15.0
92.437,-5.385,5.852,15.0
121.135,-7.023,6.982,4.0
89.119,-5.156,7.629,26.0
88.883,-5.117,7.1,22.0
90.517,-5.183,6.714,12.0
88.095,-5.019,6.022,15.0
92.619,-5.25,5.803,20.0
119.495,-6.741,6.807,8.0
89.149,-5.018,7.572,26.0
88.744,-4.968,7.028,21.0
98.366,-5.479,7.228,14.0
89.946,-4.983,6.086,16.0
92.402,-5.092,5.725,13.0
119.41,-6.548,6.718,21.0
88.775,-4.856,7.475,28.0
89.274,-4.857,7.005,16.0
88.538,-4.791,6.441,17.0
89.71,-4.829,6.003,18.0
112.117,-6.004,6.862,19.0
119.286,-6.354,6.622,11.0
88.645,-4.709,7.396,11.0
88.793,-4.692,6.899,21.0
88.657,-4.659,6.38,13.0
92.573,-4.837,6.123,9.0
112.231,-5.834,6.781,15.0
123.25,-6.372,6.743,6.0
89.583,-4.619,7.403,13.0
89.615,-4.595,6.89,20.0
89.37,-4.557,6.36,16.0
91.414,-4.636,5.972,13.0
112.232,-5.66,6.689,12.0
112.601,-5.648,6.069,13.0
89.228,-4.463,7.298,16.0
88.27,-4.389,6.712,20.0
89.243,-4.413,6.274,15.0
91.395,-4.493,5.892,13.0
90.896,-4.444,5.339,13.0
112.142,-5.452,5.946,6.0
89.235,-4.325,7.22,16.0
0.0,0.0,0.0,0.0
88.975,-4.262,6.176,18.0
90.703,-4.319,5.766,18.0
98.045,-4.642,5.67,10.0
112.905,-5.315,5.883,9.0
88.863,-4.169,7.107,16.0
89.347,-4.166,6.631,18.0
89.595,-4.153,6.134,17.0
91.026,-4.194,5.7,11.0
108.383,-4.964,6.165,10.0
111.66,-5.084,5.712,11.0
88.215,-4.001,6.969,20.0
89.382,-4.029,6.545,13.0
91.105,-4.082,6.148,14.0
97.743,-4.353,6.024,14.0
98.18,-4.347,5.488,9.0
120.238,-5.291,6.031,16.0
88.597,-3.883,6.909,12.0
88.459,-3.853,6.389,18.0
94.817,-4.103,6.302,17.0
97.489,-4.193,5.909,15.0
90.196,-3.856,4.949,11.0
120.248,-5.11,5.908,19.0
88.268,-3.734,6.791,22.0
88.582,-3.724,6.305,18.0
88.159,-3.682,5.766,24.0
89.833,-3.728,5.349,20.0
90.216,-3.721,4.854,6.0
194.695,-7.978,9.357,12.0
87.816,-3.581,6.661,26.0
89.433,-3.623,6.266,18.0
0.0,0.0,0.0,0.0
98.67,-3.945,5.766,20.0
113.656,-4.516,5.988,11.0
194.96,-7.695,9.15,10.0
89.266,-3.506,6.67,20.0
88.29,-3.444,6.086,27.0
89.975,-3.487,5.683,18.0
99.153,-3.816,5.681,18.0
113.355,-4.334,5.842,35.0
113.427,-4.308,5.193,25.0
88.24,-3.333,6.489,14.0
96.001,-3.601,6.505,15.0
98.82,-3.682,6.125,22.0
99.337,-3.675,5.573,35.0
113.394,-4.168,5.71,21.0
93.435,-3.411,4.167,1.0
88.026,-3.195,6.367,20.0
94.039,-3.39,6.257,15.0
97.951,-3.506,5.952,19.0
99.601,-3.54,5.467,3.0
190.537,-6.726,9.363,20.0
93.416,-3.274,4.051,1.0
87.912,-3.062,6.249,12.0
94.891,-3.281,6.195,18.0
0.0,0.0,0.0,0.0
190.081,-6.48,10.196,19.0
190.643,-6.454,9.126,15.0
0.0,0.0,0.0,0.0
95.285,-3.182,6.652,15.0
97.693,-3.238,6.253,8.0
99.109,-3.26,5.77,23.0
190.232,-6.21,9.957,20.0
190.461,-6.173,8.869,17.0
92.254,-2.968,3.765,12.0
87.685,-2.803,6.006,24.0
96.475,-3.06,6.048,19.0
97.445,-3.067,5.545,8.0
97.134,-3.034,4.956,17.0
190.418,-5.904,8.615,11.0
92.299,-2.84,3.644,24.0
88.224,-2.696,5.924,18.0
88.17,-2.673,5.408,14.0
88.01,-2.647,4.889,11.0
189.868,-5.666,9.429,21.0
119.508,-3.538,5.243,12.0
92.337,-2.712,3.517,24.0
87.971,-2.564,5.784,21.0
97.197,-2.811,5.826,6.0
96.901,-2.779,5.246,5.0
189.521,-5.392,9.146,24.0
119.496,-3.371,5.074,38.0
92.343,-2.585,3.387,150.0
96.761,-2.686,6.222,14.0
96.816,-2.665,5.663,18.0
171.46,-4.682,9.037,17.0
189.69,-5.136,8.879,19.0
119.532,-3.21,4.904,41.0
92.456,-2.462,3.258,168.0
98.88,-2.611,6.214,11.0
96.743,-2.532,5.517,34.0
99.061,-2.571,5.076,9.0
171.691,-4.417,7.784,35.0
171.54,-4.375,6.783,25.0
128.207,-3.242,4.327,1.0
97.096,-2.433,5.956,27.0
96.715,-2.401,5.37,32.0
96.821,-2.383,4.814,26.0
171.62,-4.186,7.52,16.0
128.41,-3.104,4.883,19.0
96.786,-2.318,3.119,6.0
96.717,-2.295,5.784,34.0
96.77,-2.275,5.224,30.0
96.816,-2.255,4.665,53.0
128.431,-2.964,5.43,27.0
128.381,-2.936,4.682,30.0
96.796,-2.193,2.969,1.0
96.794,-2.17,5.636,18.0
96.891,-2.152,5.079,9.0
96.864,-2.131,4.514,42.0
96.907,-2.112,3.943,42.0
97.066,-2.095,3.387,1.0
91.049,-1.946,2.649,1.0
128.373,-2.714,7.269,10.0
190.486,-3.987,9.676,18.0
96.917,-2.008,4.359,7.0
96.918,-1.989,3.788,48.0
96.923,-1.969,3.225,22.0
0.0,0.0,0.0,0.0
99.098,-1.971,5.449,5.0
190.484,-3.749,9.366,23.0
0.0,0.0,0.0,0.0
96.996,-1.87,3.631,29.0
96.718,-1.846,3.06,10.0
0.0,0.0,0.0,0.0
190.294,-3.55,10.147,8.0
190.243,-3.511,9.036,14.0
0.0,0.0,0.0,0.0
97.043,-1.753,3.471,13.0
89.727,-1.603,2.687,2.0
0.0,0.0,0.0,0.0
191.443,-3.341,9.886,6.0
0.0,0.0,0.0,0.0
0.0,0.0,0.0,0.0
96.99,-1.637,3.305,7.0
87.597,-1.462,2.476,1.0
0.0,0.0,0.0,0.0
191.372,-3.115,9.551,12.0
193.075,-3.107,8.514,12.0
171.716,-2.732,6.572,19.0
96.632,-1.519,3.127,5.0
0.0,0.0,0.0,0.0
0.0,0.0,0.0,0.0
193.581,-2.931,9.327,21.0
193.542,-2.894,8.196,9.0
171.421,-2.532,6.261,15.0
89.758,-1.309,2.747,3.0
63.961,-0.921,1.585,0.0
47.391,-0.674,0.899,0.0
193.06,-2.708,8.962,20.0
193.841,-2.683,7.866,6.0
0.0,0.0,0.0,0.0
85.472,-1.152,2.464,2.0
0.0,0.0,0.0,0.0
0.0,0.0,0.0,0.0
90.732,-1.172,4.047,11.0
90.72,-1.156,3.517,11.0
90.778,-1.142,2.991,13.0
0.0,0.0,0.0,0.0
0.0,0.0,0.0,0.0
0.0,0.0,0.0,0.0
90.636,-1.074,3.876,48.0
90.621,-1.059,3.347,51.0
90.417,-1.042,2.813,9.0
0.0,0.0,0.0,0.0
0.0,0.0,0.0,0.0
0.0,0.0,0.0,0.0
90.605,-0.981,3.707,52.0
90.598,-0.965,3.179,43.0
83.565,-0.877,2.445,1.0
0.0,0.0,0.0,0.0
0.0,0.0,0.0,0.0
0.0,0.0,0.0,0.0
90.632,-0.89,3.539,44.0
90.588,-0.875,3.009,31.0
82.911,-0.788,2.271,1.0
0.0,0.0,0.0,0.0
39.849,-0.366,0.622,0.0
33.169,-0.3,0.325,0.0
90.699,-0.803,3.371,20.0
90.426,-0.786,2.832,7.0
0.0,0.0,0.0,0.0
46.967,-0.394,0.918,0.0
37.687,-0.311,0.517,0.0
31.947,-0.259,0.253,2.0
90.807,-0.72,3.203,1.0
82.615,-0.642,2.431,5.0
0.0,0.0,0.0,0.0
0.0,0.0,0.0,0.0
36.115,-0.265,0.427,0.0
30.823,-0.222,0.185,0.0
104.536,-0.734,3.486,7.0
81.409,-0.56,2.24,2.0
0.0,0.0,0.0,0.0
0.0,0.0,0.0,0.0
33.213,-0.214,0.329,0.0
28.802,-0.182,0.117,8.0
90.286,-0.555,2.835,4.0
0.0,0.0,0.0,0.0
0.0,0.0,0.0,0.0
38.092,-0.219,0.525,0.0
31.729,-0.178,0.252,1.0
28.542,-0.156,0.06,2.0
81.983,-0.436,2.415,4.0
0.0,0.0,0.0,0.0
0.0,0.0,0.0,0.0
36.039,-0.177,0.426,0.0
29.353,-0.14,0.176,1.0
26.637,-0.124,0.004,0.0
79.965,-0.36,2.195,3.0
0.0,0.0,0.0,0.0
0.0,0.0,0.0,0.0
33.222,-0.137,0.326,0.0
28.794,-0.115,0.115,7.0
25.532,-0.099,-0.047,0.0
0.0,0.0,0.0,0.0
0.0,0.0,0.0,0.0
37.533,-0.131,0.517,0.0
31.609,-0.106,0.247,0.0
28.45,-0.092,0.056,1.0
24.814,-0.077,-0.095,0.0
0.0,0.0,0.0,0.0
0.0,0.0,0.0,0.0
35.371,-0.097,0.415,0.0
29.01,-0.076,0.168,1.0
26.653,-0.067,0.0,0.0
23.642,-0.057,-0.138,0.0
0.0,0.0,0.0,0.0
0.0,0.0,0.0,0.0
33.205,-0.068,0.322,0.0
28.774,-0.056,0.109,6.0
25.467,-0.047,-0.052,0.0
22.556,-0.039,-0.178,0.0
0.0,0.0,0.0,0.0
37.522,-0.057,0.506,0.0
31.432,-0.044,0.241,0.0
27.57,-0.036,0.047,0.0
24.442,-0.029,-0.1,0.0
21.222,-0.023,-0.211,3.0
42.964,-0.042,0.743,0.0
35.481,-0.031,0.406,0.0
29.704,-0.023,0.166,1.0
26.346,-0.018,-0.008,0.0
23.569,-0.014,-0.145,1.0
20.313,-0.01,-0.243,0.0
39.744,-0.016,0.606,0.0
33.122,-0.01,0.311,0.0
28.619,-0.006,0.101,1.0
25.366,-0.003,-0.06,0.0
22.046,0.0,-0.181,0.0
19.07,0.001,-0.268,0.0
37.058,0.005,0.488,0.0
0.0,0.0,0.0,0.0
27.567,0.009,0.041,0.0
24.124,0.01,-0.107,0.0
21.124,0.01,-0.217,3.0
18.378,0.01,-0.296,0.0
34.139,0.023,0.379,0.0
29.345,0.022,0.154,0.0
26.367,0.022,-0.015,0.0
23.312,0.021,-0.152,1.0
20.034,0.02,-0.248,0.0
17.444,0.019,-0.318,0.0
32.691,0.038,0.294,0.0
28.617,0.035,0.09,1.0
25.167,0.033,-0.067,0.0
21.784,0.03,-0.188,1.0
18.934,0.028,-0.274,0.0
16.867,0.026,-0.343,0.0
29.338,0.047,0.202,0.0
27.17,0.045,0.028,0.0
24.003,0.042,-0.115,1.0
20.935,0.038,-0.224,2.0
18.074,0.034,-0.299,0.0
16.417,0.032,-0.368,0.0
28.805,0.058,0.138,1.0
26.042,0.054,-0.026,0.0
23.114,0.049,-0.159,1.0
19.711,0.044,-0.253,0.0
17.335,0.039,-0.323,0.0
15.846,0.037,-0.388,0.0
28.547,0.068,0.077,1.0
25.01,0.061,-0.078,0.0
21.637,0.054,-0.194,3.0
18.708,0.048,-0.279,0.0
16.781,0.044,-0.349,0.0
15.36,0.041,-0.409,0.0
26.852,0.073,0.015,0.0
23.532,0.065,-0.124,0.0
20.813,0.059,-0.231,0.0
17.871,0.052,-0.304,0.0
16.28,0.048,-0.373,0.0
14.751,0.044,-0.424,0.0
25.737,0.078,-0.039,0.0
22.686,0.07,-0.167,0.0
19.463,0.061,-0.257,0.0
17.174,0.055,-0.329,0.0
15.753,0.051,-0.394,0.0
14.34,0.047,-0.443,0.0
24.665,0.081,-0.09,0.0
21.366,0.071,-0.203,4.0
18.488,0.062,-0.283,0.0
16.584,0.057,-0.353,0.0
15.205,0.053,-0.413,0.0
13.921,0.049,-0.459,0.0
23.238,0.082,-0.134,1.0
20.364,0.072,-0.236,0.0
17.673,0.063,-0.308,0.0
16.064,0.058,-0.376,0.0
14.615,0.054,-0.428,0.0
13.641,0.05,-0.479,0.0
22.201,0.082,-0.175,1.0
19.285,0.072,-0.264,0.0
17.03,0.064,-0.333,0.0
15.64,0.059,-0.399,0.0
14.272,0.055,-0.448,0.0
13.217,0.051,-0.492,0.0
21.148,0.081,-0.211,3.0
18.274,0.071,-0.289,0.0
16.491,0.064,-0.357,0.0
15.111,0.059,-0.417,0.0
13.907,0.055,-0.465,0.0
12.893,0.051,-0.507,0.0
19.997,0.079,-0.241,0.0
17.464,0.07,-0.313,0.0
16.009,0.064,-0.381,0.0
14.613,0.059,-0.434,0.0
13.502,0.055,-0.481,0.0
12.495,0.051,-0.518,0.0
18.877,0.076,-0.268,0.0
16.852,0.068,-0.338,0.0
15.488,0.063,-0.401,0.0
14.098,0.058,-0.449,0.0
13.132,0.054,-0.495,0.0
12.291,0.051,-0.535,0.0
18.085,0.074,-0.295,0.0
16.38,0.067,-0.363,0.0
14.987,0.061,-0.419,0.0
13.802,0.057,-0.468,0.0
12.825,0.053,-0.51,0.0
11.969,0.049,-0.546,0.0
17.309,0.07,-0.318,0.0
15.873,0.065,-0.385,0.0
14.506,0.059,-0.436,0.0
13.396,0.055,-0.483,0.0
12.4,0.051,-0.519,0.0
11.699,0.048,-0.559,0.0
16.737,0.067,-0.343,0.0
15.418,0.062,-0.406,0.0
14.024,0.057,-0.451,0.0
13.102,0.053,-0.499,0.0
12.249,0.049,-0.539,0.0
11.459,0.046,-0.571,0.0
16.28,0.064,-0.367,0.0
14.88,0.059,-0.423,0.0
13.738,0.054,-0.471,0.0
12.644,0.05,-0.508,0.0
11.892,0.047,-0.548,0.0
11.132,0.044,-0.578,0.0
15.75,0.06,-0.388,0.0
14.353,0.055,-0.437,0.0
13.336,0.051,-0.484,0.0
12.351,0.047,-0.522,0.0
11.631,0.044,-0.56,0.0
10.935,0.042,-0.59,0.0
15.185,0.056,-0.405,0.0
14.016,0.052,-0.456,0.0
12.945,0.047,-0.497,0.0
12.109,0.044,-0.537,0.0
11.402,0.041,-0.572,0.0
10.716,0.039,-0.601,0.0
14.777,0.052,-0.425,0.0
13.637,0.047,-0.471,0.0
12.618,0.044,-0.51,0.0
11.843,0.041,-0.549,0.0
11.159,0.038,-0.583,0.0
10.441,0.036,-0.607,0.0
14.309,0.047,-0.44,0.0
13.32,0.043,-0.488,0.0
12.367,0.04,-0.525,0.0
11.569,0.037,-0.56,0.0
10.926,0.035,-0.593,0.0
10.376,0.033,-0.624,0.0
13.968,0.042,-0.458,0.0
12.967,0.039,-0.501,0.0
12.041,0.036,-0.535,0.0
11.329,0.033,-0.571,0.0
10.671,0.031,-0.601,0.0
10.044,0.029,-0.624,0.0
13.605,0.037,-0.473,0.0
12.635,0.034,-0.513,0.0
11.8,0.031,-0.549,0.0
11.115,0.029,-0.583,0.0
10.459,0.027,-0.61,0.0
9.847,0.025,-0.632,0.0
17.571,-1.069,-0.323,0.0
16.06,-0.973,-0.38,0.0
14.74,-0.889,-0.426,0.0
13.703,-0.824,-0.47,0.0
12.871,-0.771,-0.509,0.0
12.117,-0.723,-0.543,0.0
18.055,-1.074,-0.307,0.0
16.516,-0.978,-0.368,0.0
15.067,-0.889,-0.415,0.0
13.962,-0.82,-0.459,0.0
13.116,-0.768,-0.501,0.0
12.349,-0.72,-0.536,0.0
18.648,-1.084,-0.292,0.0
16.929,-0.98,-0.354,0.0
15.317,-0.882,-0.401,0.0
14.263,-0.818,-0.45,0.0
13.3,-0.76,-0.49,0.0
12.453,-0.708,-0.524,0.0
19.112,-1.084,-0.274,0.0
17.272,-0.975,-0.339,0.0
15.851,-0.891,-0.394,0.0
14.555,-0.814,-0.44,0.0
13.537,-0.754,-0.481,0.0
12.704,-0.704,-0.518,0.0
34.226,-1.892,-0.446,3.0
17.649,-0.971,-0.323,0.0
16.106,-0.882,-0.38,0.0
14.764,-0.804,-0.427,0.0
13.757,-0.746,-0.471,0.0
12.895,-0.696,-0.509,0.0
34.255,-1.843,-0.402,0.0
18.073,-0.967,-0.307,0.0
16.527,-0.88,-0.368,0.0
14.972,-0.793,-0.414,0.0
14.034,-0.74,-0.462,0.0
13.098,-0.687,-0.501,0.0
21.489,-1.124,-0.225,0.0
18.735,-0.975,-0.295,0.0
16.879,-0.874,-0.355,0.0
15.462,-0.796,-0.408,0.0
14.295,-0.732,-0.453,0.0
13.343,-0.68,-0.493,0.0
22.169,-1.125,-0.204,1.0
19.086,-0.963,-0.276,0.0
17.245,-0.865,-0.341,0.0
15.7,-0.784,-0.395,0.0
14.554,-0.722,-0.443,0.0
13.568,-0.67,-0.485,0.0
22.689,-1.116,-0.181,1.0
19.603,-0.958,-0.26,0.0
17.604,-0.855,-0.326,0.0
16.073,-0.776,-0.384,0.0
14.675,-0.705,-0.429,0.0
13.743,-0.656,-0.474,0.0
23.261,-1.106,-0.157,1.0
20.455,-0.967,-0.246,0.0
17.969,-0.844,-0.311,0.0
16.429,-0.767,-0.373,0.0
14.983,-0.695,-0.42,0.0
13.958,-0.643,-0.465,0.0
23.716,-1.089,-0.132,1.0
21.08,-0.962,-0.229,2.0
18.569,-0.841,-0.3,0.0
16.775,-0.755,-0.361,0.0
15.322,-0.685,-0.411,0.0
14.209,-0.631,-0.457,0.0
24.008,-1.062,-0.106,0.0
21.588,-0.949,-0.209,1.0
18.974,-0.828,-0.285,0.0
16.998,-0.736,-0.347,0.0
15.671,-0.674,-0.403,0.0
14.467,-0.618,-0.449,0.0
25.758,-1.096,-0.084,0.0
22.444,-0.948,-0.192,2.0
19.342,-0.811,-0.268,0.0
17.366,-0.722,-0.335,0.0
15.935,-0.658,-0.392,0.0
14.671,-0.601,-0.439,0.0
25.823,-1.054,-0.056,1.0
22.966,-0.93,-0.172,1.0
19.934,-0.801,-0.254,0.0
17.75,-0.708,-0.323,0.0
16.259,-0.643,-0.382,0.0
14.893,-0.584,-0.429,0.0
26.211,-1.023,-0.028,0.0
23.238,-0.9,-0.148,0.0
20.928,-0.804,-0.245,1.0
18.074,-0.689,-0.309,0.0
16.467,-0.622,-0.369,0.0
15.169,-0.568,-0.421,0.0
27.103,-1.01,-0.001,0.0
24.085,-0.89,-0.129,0.0
21.026,-0.77,-0.224,2.0
18.467,-0.67,-0.297,0.0
16.773,-0.603,-0.359,0.0
15.517,-0.553,-0.415,0.0
9.293,0.602,-0.67,0.0
0.0,0.0,0.0,0.0
0.0,0.0,0.0,0.0
0.0,0.0,0.0,0.0
7.458,0.476,-0.746,0.0
9.29,0.589,-0.666,0.0
8.828,0.557,-0.682,0.0
0.0,0.0,0.0,0.0
0.0,0.0,0.0,0.0
0.0,0.0,0.0,0.0
7.457,0.465,-0.742,0.0
9.292,0.575,-0.663,0.0
0.0,0.0,0.0,0.0
0.0,0.0,0.0,0.0
0.0,0.0,0.0,0.0
0.0,0.0,0.0,0.0
7.473,0.455,-0.741,0.0
9.382,0.567,-0.665,0.0
0.0,0.0,0.0,0.0
0.0,0.0,0.0,0.0
0.0,0.0,0.0,0.0
0.0,0.0,0.0,0.0
0.0,0.0,0.0,0.0
9.363,0.552,-0.659,0.0
0.0,0.0,0.0,0.0
8.654,0.506,-0.704,0.0
0.0,0.0,0.0,0.0
0.0,0.0,0.0,0.0
0.0,0.0,0.0,0.0
9.441,0.542,-0.659,0.0
0.0,0.0,0.0,0.0
0.0,0.0,0.0,0.0
0.0,0.0,0.0,0.0
0.0,0.0,0.0,0.0
0.0,0.0,0.0,0.0
9.54,0.534,-0.66,0.0
9.077,0.506,-0.678,0.0
8.678,0.482,-0.696,0.0
0.0,0.0,0.0,0.0
0.0,0.0,0.0,0.0
0.0,0.0,0.0,0.0
9.536,0.52,-0.654,0.0
9.032,0.49,-0.669,0.0
8.59,0.464,-0.683,0.0
0.0,0.0,0.0,0.0
0.0,0.0,0.0,0.0
0.0,0.0,0.0,0.0
0.0,0.0,0.0,0.0
0.0,0.0,0.0,0.0
8.728,0.459,-0.688,0.0
0.0,0.0,0.0,0.0
0.0,0.0,0.0,0.0
0.0,0.0,0.0,0.0
9.687,0.499,-0.651,0.0
0.0,0.0,0.0,0.0
8.804,0.45,-0.688,0.0
0.0,0.0,0.0,0.0
0.0,0.0,0.0,0.0
0.0,0.0,0.0,0.0
9.772,0.49,-0.649,0.0
0.0,0.0,0.0,0.0
8.804,0.437,-0.681,0.0
0.0,0.0,0.0,0.0
0.0,0.0,0.0,0.0
0.0,0.0,0.0,0.0
9.807,0.477,-0.644,0.0
9.318,0.451,-0.663,0.0
0.0,0.0,0.0,0.0
0.0,0.0,0.0,0.0
0.0,0.0,0.0,0.0
0.0,0.0,0.0,0.0
9.934,0.469,-0.644,0.0
9.413,0.442,-0.661,0.0
0.0,0.0,0.0,0.0
0.0,0.0,0.0,0.0
0.0,0.0,0.0,0.0
0.0,0.0,0.0,0.0
9.986,0.457,-0.639,0.0
9.465,0.43,-0.657,0.0
0.0,0.0,0.0,0.0
0.0,0.0,0.0,0.0
0.0,0.0,0.0,0.0
0.0,0.0,0.0,0.0
9.996,0.442,-0.63,0.0
9.622,0.424,-0.659,0.0
9.085,0.398,-0.671,0.0
0.0,0.0,0.0,0.0
0.0,0.0,0.0,0.0
0.0,0.0,0.0,0.0
10.178,0.436,-0.632,0.0
9.652,0.411,-0.651,0.0
9.104,0.385,-0.663,0.0
0.0,0.0,0.0,0.0
0.0,0.0,0.0,0.0
0.0,0.0,0.0,0.0
83.266,0.194,4.704,15.0
83.24,0.203,4.27,23.0
83.263,0.211,3.84,45.0
83.254,0.22,3.399,42.0
83.25,0.228,2.967,32.0
83.075,0.237,2.53,11.0
83.218,0.237,4.869,21.0
83.253,0.245,4.438,26.0
83.245,0.254,4.006,40.0
83.243,0.263,3.564,43.0
83.249,0.272,3.132,41.0
83.211,0.281,2.699,16.0
83.19,0.281,5.032,36.0
83.216,0.29,4.6,29.0
83.232,0.3,4.169,27.0
83.234,0.309,3.728,41.0
83.286,0.319,3.297,41.0
83.271,0.329,2.864,14.0
83.144,0.329,5.194,24.0
83.186,0.338,4.763,26.0
83.232,0.349,4.331,34.0
83.244,0.359,3.891,34.0
83.307,0.369,3.461,41.0
83.329,0.379,3.028,20.0
79.429,0.362,5.117,76.0
83.167,0.389,4.923,19.0
83.209,0.4,4.492,16.0
83.246,0.411,4.051,7.0
79.315,0.401,3.447,8.0
79.371,0.411,3.036,6.0
79.438,0.413,5.27,91.0
83.175,0.443,5.083,5.0
79.293,0.433,4.432,8.0
79.346,0.444,4.015,11.0
79.393,0.455,3.603,10.0
79.326,0.465,3.185,8.0
76.962,0.452,5.253,4.0
79.309,0.476,4.998,7.0
79.307,0.487,4.584,5.0
79.308,0.498,4.161,10.0
79.343,0.509,3.748,7.0
79.357,0.52,3.334,11.0
62.779,0.413,4.403,23.0
76.376,0.513,4.956,10.0
79.374,0.544,4.735,3.0
79.289,0.555,4.307,8.0
79.37,0.567,3.897,9.0
79.361,0.578,3.482,8.0
62.938,0.46,4.53,32.0
76.676,0.572,5.117,23.0
79.255,0.603,4.874,1.0
79.302,0.615,4.454,7.0
79.351,0.627,4.041,8.0
79.377,0.638,3.627,9.0
63.179,0.51,4.664,22.0
76.804,0.632,5.267,21.0
76.674,0.643,4.856,6.0
79.239,0.677,4.594,2.0
79.346,0.689,4.184,7.0
79.351,0.701,3.769,6.0
63.435,0.563,4.797,14.0
62.938,0.568,4.428,17.0
76.657,0.704,4.99,17.0
76.777,0.717,4.587,9.0
79.358,0.754,4.325,10.0
79.352,0.766,3.908,8.0
63.455,0.616,4.911,18.0
76.005,0.749,5.482,21.0
76.518,0.766,5.116,16.0
79.479,0.809,4.887,26.0
88.46,0.915,4.975,15.0
90.6,0.951,4.62,13.0
62.883,0.663,4.976,18.0
63.331,0.678,4.677,29.0
76.141,0.829,5.223,30.0
76.562,0.845,4.84,17.0
76.649,0.859,4.442,11.0
90.97,1.036,4.794,14.0
62.378,0.714,5.045,14.0
63.389,0.736,4.792,4.0
63.182,0.744,4.443,15.0
76.3,0.912,4.954,27.0
76.48,0.927,4.563,47.0
76.674,0.942,4.17,11.0
62.555,0.772,5.164,10.0
88.218,1.104,6.816,10.0
63.209,0.802,4.548,29.0
76.192,0.98,5.072,32.0
76.465,0.997,4.687,25.0
76.572,1.012,4.289,31.0
59.06,0.784,4.973,18.0
58.858,0.791,4.644,6.0
63.203,0.861,4.651,7.0
76.256,1.053,5.201,32.0
76.596,1.071,4.819,16.0
76.499,1.084,4.409,24.0
